task_id,scenario_id,seed,method_id,truth_level,success,failure_code,fallback_triggered,fallback_mode,repair_hint,steps,max_position_error_m,max_attitude_error_rad,max_viewpoint_error_rad,min_clearance_m,min_safety_margin_m,terminal_soc,max_energy_rate_w,max_command_age_steps,safety_intervention_count,mean_delta_u_l2,run_dir
T2_dynamic_obstacle,T2_dynamic_obstacle_seed0,0,B0_pid_pose,synthetic_trace_smoke,False,DYN_FEASIBILITY_VIOLATION,False,none,slow_down_split_waypoint_or_extend_horizon,102,12.0,0.0,0.0,0.934866,-0.065134,0.692937,165.0,0,6,0.0,benchmark_swarm_rl\outputs\wef_main_6method_5seed_synthetic_matrix_20260619\T2_dynamic_obstacle_seed0__B0_pid_pose
T2_dynamic_obstacle,T2_dynamic_obstacle_seed0,0,B1_tracking_mpc,synthetic_trace_smoke,True,NONE,False,none,none,68,12.0,0.0,0.0,1.215637,0.215637,0.715611,165.0,0,0,0.0,benchmark_swarm_rl\outputs\wef_main_6method_5seed_synthetic_matrix_20260619\T2_dynamic_obstacle_seed0__B1_tracking_mpc
T2_dynamic_obstacle,T2_dynamic_obstacle_seed0,0,B3_mpc_cbf,synthetic_trace_smoke,True,NONE,False,none,none,165,12.0,0.0,0.0,1.965863,0.965863,0.66598,165.0,0,97,1.7636363636363637,benchmark_swarm_rl\outputs\wef_main_6method_5seed_synthetic_matrix_20260619\T2_dynamic_obstacle_seed0__B3_mpc_cbf
T2_dynamic_obstacle,T2_dynamic_obstacle_seed0,0,Ours_SEFF_pose,synthetic_trace_smoke,True,NONE,False,none,none,165,12.0,0.0,0.0,1.965863,0.965863,0.664284,165.0,0,97,1.7636363636363637,benchmark_swarm_rl\outputs\wef_main_6method_5seed_synthetic_matrix_20260619\T2_dynamic_obstacle_seed0__Ours_SEFF_pose
T2_dynamic_obstacle,T2_dynamic_obstacle_seed0,0,Ours_SEFF_local_continue,synthetic_trace_smoke,True,NONE,False,none,none,165,12.0,0.0,0.0,1.965863,0.965863,0.664284,165.0,0,97,1.7636363636363637,benchmark_swarm_rl\outputs\wef_main_6method_5seed_synthetic_matrix_20260619\T2_dynamic_obstacle_seed0__Ours_SEFF_local_continue
T2_dynamic_obstacle,T2_dynamic_obstacle_seed0,0,Ours_TE_SEFF_rule,synthetic_trace_smoke,True,NONE,False,none,none,159,12.0,0.0,0.0,1.965863,0.965863,0.668897,165.0,0,158,1.830188679245283,benchmark_swarm_rl\outputs\wef_main_6method_5seed_synthetic_matrix_20260619\T2_dynamic_obstacle_seed0__Ours_TE_SEFF_rule
T2_dynamic_obstacle,T2_dynamic_obstacle_seed1,1,B0_pid_pose,synthetic_trace_smoke,False,DYN_FEASIBILITY_VIOLATION,False,none,slow_down_split_waypoint_or_extend_horizon,100,11.4,0.0,0.0,0.417965,-0.582035,0.696937,165.0,0,19,0.0,benchmark_swarm_rl\outputs\wef_main_6method_5seed_synthetic_matrix_20260619\T2_dynamic_obstacle_seed1__B0_pid_pose
T2_dynamic_obstacle,T2_dynamic_obstacle_seed1,1,B1_tracking_mpc,synthetic_trace_smoke,False,DYN_FEASIBILITY_VIOLATION,False,none,slow_down_split_waypoint_or_extend_horizon,66,11.4,0.0,0.0,0.706727,-0.293273,0.719311,165.0,0,9,0.0,benchmark_swarm_rl\outputs\wef_main_6method_5seed_synthetic_matrix_20260619\T2_dynamic_obstacle_seed1__B1_tracking_mpc
T2_dynamic_obstacle,T2_dynamic_obstacle_seed1,1,B3_mpc_cbf,synthetic_trace_smoke,True,NONE,False,none,none,163,11.4,0.0,0.0,1.996772,0.996772,0.66974,165.0,0,97,1.7852760736196318,benchmark_swarm_rl\outputs\wef_main_6method_5seed_synthetic_matrix_20260619\T2_dynamic_obstacle_seed1__B3_mpc_cbf
T2_dynamic_obstacle,T2_dynamic_obstacle_seed1,1,Ours_SEFF_pose,synthetic_trace_smoke,True,NONE,False,none,none,163,11.4,0.0,0.0,1.996772,0.996772,0.668134,165.0,0,97,1.7852760736196318,benchmark_swarm_rl\outputs\wef_main_6method_5seed_synthetic_matrix_20260619\T2_dynamic_obstacle_seed1__Ours_SEFF_pose
T2_dynamic_obstacle,T2_dynamic_obstacle_seed1,1,Ours_SEFF_local_continue,synthetic_trace_smoke,True,NONE,False,none,none,163,11.4,0.0,0.0,1.996772,0.996772,0.668134,165.0,0,97,1.7852760736196318,benchmark_swarm_rl\outputs\wef_main_6method_5seed_synthetic_matrix_20260619\T2_dynamic_obstacle_seed1__Ours_SEFF_local_continue
T2_dynamic_obstacle,T2_dynamic_obstacle_seed1,1,Ours_TE_SEFF_rule,synthetic_trace_smoke,True,NONE,False,none,none,157,11.4,0.0,0.0,1.989442,0.989442,0.672657,165.0,0,156,1.8535031847133758,benchmark_swarm_rl\outputs\wef_main_6method_5seed_synthetic_matrix_20260619\T2_dynamic_obstacle_seed1__Ours_TE_SEFF_rule
T2_dynamic_obstacle,T2_dynamic_obstacle_seed2,2,B0_pid_pose,synthetic_trace_smoke,True,NONE,False,none,none,104,12.6,0.0,0.0,1.28363,0.28363,0.688937,165.0,0,0,0.0,benchmark_swarm_rl\outputs\wef_main_6method_5seed_synthetic_matrix_20260619\T2_dynamic_obstacle_seed2__B0_pid_pose
T2_dynamic_obstacle,T2_dynamic_obstacle_seed2,2,B1_tracking_mpc,synthetic_trace_smoke,True,NONE,False,none,none,70,12.6,0.0,0.0,1.557659,0.557659,0.711911,165.0,0,0,0.0,benchmark_swarm_rl\outputs\wef_main_6method_5seed_synthetic_matrix_20260619\T2_dynamic_obstacle_seed2__B1_tracking_mpc
T2_dynamic_obstacle,T2_dynamic_obstacle_seed2,2,B3_mpc_cbf,synthetic_trace_smoke,True,NONE,False,none,none,164,12.6,0.0,0.0,1.96075,0.96075,0.66372,165.0,0,94,1.7195121951219512,benchmark_swarm_rl\outputs\wef_main_6method_5seed_synthetic_matrix_20260619\T2_dynamic_obstacle_seed2__B3_mpc_cbf
T2_dynamic_obstacle,T2_dynamic_obstacle_seed2,2,Ours_SEFF_pose,synthetic_trace_smoke,True,NONE,False,none,none,164,12.6,0.0,0.0,1.96075,0.96075,0.661934,165.0,0,94,1.7195121951219512,benchmark_swarm_rl\outputs\wef_main_6method_5seed_synthetic_matrix_20260619\T2_dynamic_obstacle_seed2__Ours_SEFF_pose
T2_dynamic_obstacle,T2_dynamic_obstacle_seed2,2,Ours_SEFF_local_continue,synthetic_trace_smoke,True,NONE,False,none,none,164,12.6,0.0,0.0,1.96075,0.96075,0.661934,165.0,0,94,1.7195121951219512,benchmark_swarm_rl\outputs\wef_main_6method_5seed_synthetic_matrix_20260619\T2_dynamic_obstacle_seed2__Ours_SEFF_local_continue
T2_dynamic_obstacle,T2_dynamic_obstacle_seed2,2,Ours_TE_SEFF_rule,synthetic_trace_smoke,True,NONE,False,none,none,158,12.6,0.0,0.0,1.96075,0.96075,0.666637,165.0,0,157,1.7848101265822784,benchmark_swarm_rl\outputs\wef_main_6method_5seed_synthetic_matrix_20260619\T2_dynamic_obstacle_seed2__Ours_TE_SEFF_rule
T2_dynamic_obstacle,T2_dynamic_obstacle_seed3,3,B0_pid_pose,synthetic_trace_smoke,False,DYN_FEASIBILITY_VIOLATION,False,none,slow_down_split_waypoint_or_extend_horizon,101,11.8,0.0,0.0,0.141623,-0.858377,0.694469,165.0,0,19,0.0,benchmark_swarm_rl\outputs\wef_main_6method_5seed_synthetic_matrix_20260619\T2_dynamic_obstacle_seed3__B0_pid_pose
T2_dynamic_obstacle,T2_dynamic_obstacle_seed3,3,B1_tracking_mpc,synthetic_trace_smoke,False,DYN_FEASIBILITY_VIOLATION,False,none,slow_down_split_waypoint_or_extend_horizon,68,11.8,0.0,0.0,0.378967,-0.621033,0.716417,165.0,0,10,0.0,benchmark_swarm_rl\outputs\wef_main_6method_5seed_synthetic_matrix_20260619\T2_dynamic_obstacle_seed3__B1_tracking_mpc
T2_dynamic_obstacle,T2_dynamic_obstacle_seed3,3,B3_mpc_cbf,synthetic_trace_smoke,True,NONE,False,none,none,145,11.8,0.0,0.0,1.963961,0.963961,0.676804,165.0,0,77,1.5931034482758621,benchmark_swarm_rl\outputs\wef_main_6method_5seed_synthetic_matrix_20260619\T2_dynamic_obstacle_seed3__B3_mpc_cbf
T2_dynamic_obstacle,T2_dynamic_obstacle_seed3,3,Ours_SEFF_pose,synthetic_trace_smoke,True,NONE,False,none,none,145,11.8,0.0,0.0,1.963961,0.963961,0.675134,165.0,0,77,1.5931034482758621,benchmark_swarm_rl\outputs\wef_main_6method_5seed_synthetic_matrix_20260619\T2_dynamic_obstacle_seed3__Ours_SEFF_pose
T2_dynamic_obstacle,T2_dynamic_obstacle_seed3,3,Ours_SEFF_local_continue,synthetic_trace_smoke,True,NONE,False,none,none,145,11.8,0.0,0.0,1.963961,0.963961,0.675134,165.0,0,77,1.5931034482758621,benchmark_swarm_rl\outputs\wef_main_6method_5seed_synthetic_matrix_20260619\T2_dynamic_obstacle_seed3__Ours_SEFF_local_continue
T2_dynamic_obstacle,T2_dynamic_obstacle_seed3,3,Ours_TE_SEFF_rule,synthetic_trace_smoke,True,NONE,False,none,none,138,11.8,0.0,0.0,1.963961,0.963961,0.680372,165.0,0,137,1.673913043478261,benchmark_swarm_rl\outputs\wef_main_6method_5seed_synthetic_matrix_20260619\T2_dynamic_obstacle_seed3__Ours_TE_SEFF_rule
T2_dynamic_obstacle,T2_dynamic_obstacle_seed4,4,B0_pid_pose,synthetic_trace_smoke,True,NONE,False,none,none,103,12.4,0.0,0.0,1.695599,0.695599,0.690469,165.0,0,0,0.0,benchmark_swarm_rl\outputs\wef_main_6method_5seed_synthetic_matrix_20260619\T2_dynamic_obstacle_seed4__B0_pid_pose
T2_dynamic_obstacle,T2_dynamic_obstacle_seed4,4,B1_tracking_mpc,synthetic_trace_smoke,True,NONE,False,none,none,70,12.4,0.0,0.0,1.956347,0.956347,0.712717,165.0,0,0,0.0,benchmark_swarm_rl\outputs\wef_main_6method_5seed_synthetic_matrix_20260619\T2_dynamic_obstacle_seed4__B1_tracking_mpc
T2_dynamic_obstacle,T2_dynamic_obstacle_seed4,4,B3_mpc_cbf,synthetic_trace_smoke,True,NONE,False,none,none,200,12.4,0.0,0.0,1.992041,0.992041,0.646544,165.0,0,130,1.95,benchmark_swarm_rl\outputs\wef_main_6method_5seed_synthetic_matrix_20260619\T2_dynamic_obstacle_seed4__B3_mpc_cbf
T2_dynamic_obstacle,T2_dynamic_obstacle_seed4,4,Ours_SEFF_pose,synthetic_trace_smoke,True,NONE,False,none,none,200,12.4,0.0,0.0,1.992041,0.992041,0.644784,165.0,0,130,1.95,benchmark_swarm_rl\outputs\wef_main_6method_5seed_synthetic_matrix_20260619\T2_dynamic_obstacle_seed4__Ours_SEFF_pose
T2_dynamic_obstacle,T2_dynamic_obstacle_seed4,4,Ours_SEFF_local_continue,synthetic_trace_smoke,True,NONE,False,none,none,200,12.4,0.0,0.0,1.992041,0.992041,0.644784,165.0,0,130,1.95,benchmark_swarm_rl\outputs\wef_main_6method_5seed_synthetic_matrix_20260619\T2_dynamic_obstacle_seed4__Ours_SEFF_local_continue
T2_dynamic_obstacle,T2_dynamic_obstacle_seed4,4,Ours_TE_SEFF_rule,synthetic_trace_smoke,True,NONE,False,none,none,193,12.4,0.0,0.0,1.992041,0.992041,0.650112,165.0,0,192,2.0207253886010363,benchmark_swarm_rl\outputs\wef_main_6method_5seed_synthetic_matrix_20260619\T2_dynamic_obstacle_seed4__Ours_TE_SEFF_rule
T3_obstacle_blockage,T3_obstacle_blockage_seed0,0,B0_pid_pose,synthetic_trace_smoke,False,DYN_OBS_BLOCKED,False,none,wait_or_reroute_waypoint,95,10.0,0.0,0.0,-0.546238,-1.546238,0.706464,160.0,0,17,0.0,benchmark_swarm_rl\outputs\wef_main_6method_5seed_synthetic_matrix_20260619\T3_obstacle_blockage_seed0__B0_pid_pose
T3_obstacle_blockage,T3_obstacle_blockage_seed0,0,B1_tracking_mpc,synthetic_trace_smoke,False,DYN_OBS_BLOCKED,False,none,wait_or_reroute_waypoint,62,10.0,0.0,0.0,0.931642,-0.068358,0.727517,165.0,0,1,0.0,benchmark_swarm_rl\outputs\wef_main_6method_5seed_synthetic_matrix_20260619\T3_obstacle_blockage_seed0__B1_tracking_mpc
T3_obstacle_blockage,T3_obstacle_blockage_seed0,0,B3_mpc_cbf,synthetic_trace_smoke,False,DYN_FEASIBILITY_VIOLATION,False,none,slow_down_split_waypoint_or_extend_horizon,220,10.0,0.0,0.0,1.5,0.5,0.68034,165.0,0,213,2.9045454545454548,benchmark_swarm_rl\outputs\wef_main_6method_5seed_synthetic_matrix_20260619\T3_obstacle_blockage_seed0__B3_mpc_cbf
T3_obstacle_blockage,T3_obstacle_blockage_seed0,0,Ours_SEFF_pose,synthetic_trace_smoke,False,DYN_OBS_BLOCKED,True,hover,wait_or_reroute_waypoint,15,10.0,0.0,0.0,,,0.773226,165.0,0,1,0.17510879999999998,benchmark_swarm_rl\outputs\wef_main_6method_5seed_synthetic_matrix_20260619\T3_obstacle_blockage_seed0__Ours_SEFF_pose
T3_obstacle_blockage,T3_obstacle_blockage_seed0,0,Ours_SEFF_local_continue,synthetic_trace_smoke,False,DYN_OBS_BLOCKED,True,hover,wait_or_reroute_waypoint,15,10.0,0.0,0.0,,,0.773226,165.0,0,1,0.17510879999999998,benchmark_swarm_rl\outputs\wef_main_6method_5seed_synthetic_matrix_20260619\T3_obstacle_blockage_seed0__Ours_SEFF_local_continue
T3_obstacle_blockage,T3_obstacle_blockage_seed0,0,Ours_TE_SEFF_rule,synthetic_trace_smoke,False,DYN_OBS_BLOCKED,True,hover,wait_or_reroute_waypoint,18,10.0,0.0,0.0,,,0.768237,165.0,0,1,0.14279405555555555,benchmark_swarm_rl\outputs\wef_main_6method_5seed_synthetic_matrix_20260619\T3_obstacle_blockage_seed0__Ours_TE_SEFF_rule
T3_obstacle_blockage,T3_obstacle_blockage_seed1,1,B0_pid_pose,synthetic_trace_smoke,False,DYN_OBS_BLOCKED,False,none,wait_or_reroute_waypoint,95,10.0,0.0,0.0,-1.414976,-2.414976,0.706464,160.0,0,27,0.0,benchmark_swarm_rl\outputs\wef_main_6method_5seed_synthetic_matrix_20260619\T3_obstacle_blockage_seed1__B0_pid_pose
T3_obstacle_blockage,T3_obstacle_blockage_seed1,1,B1_tracking_mpc,synthetic_trace_smoke,False,DYN_OBS_BLOCKED,False,none,wait_or_reroute_waypoint,62,10.0,0.0,0.0,0.036387,-0.963613,0.727517,165.0,0,9,0.0,benchmark_swarm_rl\outputs\wef_main_6method_5seed_synthetic_matrix_20260619\T3_obstacle_blockage_seed1__B1_tracking_mpc
T3_obstacle_blockage,T3_obstacle_blockage_seed1,1,B3_mpc_cbf,synthetic_trace_smoke,False,DYN_FEASIBILITY_VIOLATION,False,none,slow_down_split_waypoint_or_extend_horizon,220,10.0,0.0,0.0,1.7,0.7,0.68034,165.0,0,213,2.9045454545454548,benchmark_swarm_rl\outputs\wef_main_6method_5seed_synthetic_matrix_20260619\T3_obstacle_blockage_seed1__B3_mpc_cbf
T3_obstacle_blockage,T3_obstacle_blockage_seed1,1,Ours_SEFF_pose,synthetic_trace_smoke,False,DYN_OBS_BLOCKED,True,hover,wait_or_reroute_waypoint,10,10.0,0.0,0.0,,,0.782675,165.0,0,1,0.3,benchmark_swarm_rl\outputs\wef_main_6method_5seed_synthetic_matrix_20260619\T3_obstacle_blockage_seed1__Ours_SEFF_pose
T3_obstacle_blockage,T3_obstacle_blockage_seed1,1,Ours_SEFF_local_continue,synthetic_trace_smoke,False,DYN_OBS_BLOCKED,True,hover,wait_or_reroute_waypoint,10,10.0,0.0,0.0,,,0.782675,165.0,0,1,0.3,benchmark_swarm_rl\outputs\wef_main_6method_5seed_synthetic_matrix_20260619\T3_obstacle_blockage_seed1__Ours_SEFF_local_continue
T3_obstacle_blockage,T3_obstacle_blockage_seed1,1,Ours_TE_SEFF_rule,synthetic_trace_smoke,False,DYN_OBS_BLOCKED,True,hover,wait_or_reroute_waypoint,10,10.0,0.0,0.0,,,0.78308,165.0,0,1,0.3,benchmark_swarm_rl\outputs\wef_main_6method_5seed_synthetic_matrix_20260619\T3_obstacle_blockage_seed1__Ours_TE_SEFF_rule
T3_obstacle_blockage,T3_obstacle_blockage_seed2,2,B0_pid_pose,synthetic_trace_smoke,False,DYN_OBS_BLOCKED,False,none,wait_or_reroute_waypoint,95,10.0,0.0,0.0,-0.895037,-1.895037,0.706464,160.0,0,19,0.0,benchmark_swarm_rl\outputs\wef_main_6method_5seed_synthetic_matrix_20260619\T3_obstacle_blockage_seed2__B0_pid_pose
T3_obstacle_blockage,T3_obstacle_blockage_seed2,2,B1_tracking_mpc,synthetic_trace_smoke,False,DYN_OBS_BLOCKED,False,none,wait_or_reroute_waypoint,62,10.0,0.0,0.0,0.542028,-0.457972,0.727517,165.0,0,4,0.0,benchmark_swarm_rl\outputs\wef_main_6method_5seed_synthetic_matrix_20260619\T3_obstacle_blockage_seed2__B1_tracking_mpc
T3_obstacle_blockage,T3_obstacle_blockage_seed2,2,B3_mpc_cbf,synthetic_trace_smoke,False,DYN_FEASIBILITY_VIOLATION,False,none,slow_down_split_waypoint_or_extend_horizon,220,10.0,0.0,0.0,1.55,0.55,0.6831,165.0,0,215,2.9318181818181817,benchmark_swarm_rl\outputs\wef_main_6method_5seed_synthetic_matrix_20260619\T3_obstacle_blockage_seed2__B3_mpc_cbf
T3_obstacle_blockage,T3_obstacle_blockage_seed2,2,Ours_SEFF_pose,synthetic_trace_smoke,False,DYN_OBS_BLOCKED,True,hover,wait_or_reroute_waypoint,9,10.0,0.0,0.0,,,0.7846,165.0,0,1,0.3333333333333333,benchmark_swarm_rl\outputs\wef_main_6method_5seed_synthetic_matrix_20260619\T3_obstacle_blockage_seed2__Ours_SEFF_pose
T3_obstacle_blockage,T3_obstacle_blockage_seed2,2,Ours_SEFF_local_continue,synthetic_trace_smoke,False,DYN_OBS_BLOCKED,True,hover,wait_or_reroute_waypoint,9,10.0,0.0,0.0,,,0.7846,165.0,0,1,0.3333333333333333,benchmark_swarm_rl\outputs\wef_main_6method_5seed_synthetic_matrix_20260619\T3_obstacle_blockage_seed2__Ours_SEFF_local_continue
T3_obstacle_blockage,T3_obstacle_blockage_seed2,2,Ours_TE_SEFF_rule,synthetic_trace_smoke,False,DYN_OBS_BLOCKED,True,hover,wait_or_reroute_waypoint,9,10.0,0.0,0.0,,,0.78496,165.0,0,1,0.3333333333333333,benchmark_swarm_rl\outputs\wef_main_6method_5seed_synthetic_matrix_20260619\T3_obstacle_blockage_seed2__Ours_TE_SEFF_rule
T3_obstacle_blockage,T3_obstacle_blockage_seed3,3,B0_pid_pose,synthetic_trace_smoke,False,DYN_OBS_BLOCKED,False,none,wait_or_reroute_waypoint,95,10.0,0.0,0.0,-1.418556,-2.418556,0.706464,160.0,0,33,0.0,benchmark_swarm_rl\outputs\wef_main_6method_5seed_synthetic_matrix_20260619\T3_obstacle_blockage_seed3__B0_pid_pose
T3_obstacle_blockage,T3_obstacle_blockage_seed3,3,B1_tracking_mpc,synthetic_trace_smoke,False,DYN_OBS_BLOCKED,False,none,wait_or_reroute_waypoint,62,10.0,0.0,0.0,-0.547417,-1.547417,0.727517,165.0,0,13,0.0,benchmark_swarm_rl\outputs\wef_main_6method_5seed_synthetic_matrix_20260619\T3_obstacle_blockage_seed3__B1_tracking_mpc
T3_obstacle_blockage,T3_obstacle_blockage_seed3,3,B3_mpc_cbf,synthetic_trace_smoke,False,DYN_FEASIBILITY_VIOLATION,False,none,slow_down_split_waypoint_or_extend_horizon,220,10.0,0.0,0.0,2.27,1.27,0.68172,165.0,0,214,2.918181818181818,benchmark_swarm_rl\outputs\wef_main_6method_5seed_synthetic_matrix_20260619\T3_obstacle_blockage_seed3__B3_mpc_cbf
T3_obstacle_blockage,T3_obstacle_blockage_seed3,3,Ours_SEFF_pose,synthetic_trace_smoke,False,DYN_OBS_BLOCKED,True,hover,wait_or_reroute_waypoint,7,10.0,0.0,0.0,,,0.78845,165.0,0,1,0.42857142857142855,benchmark_swarm_rl\outputs\wef_main_6method_5seed_synthetic_matrix_20260619\T3_obstacle_blockage_seed3__Ours_SEFF_pose
T3_obstacle_blockage,T3_obstacle_blockage_seed3,3,Ours_SEFF_local_continue,synthetic_trace_smoke,False,DYN_OBS_BLOCKED,True,hover,wait_or_reroute_waypoint,7,10.0,0.0,0.0,,,0.78845,165.0,0,1,0.42857142857142855,benchmark_swarm_rl\outputs\wef_main_6method_5seed_synthetic_matrix_20260619\T3_obstacle_blockage_seed3__Ours_SEFF_local_continue
T3_obstacle_blockage,T3_obstacle_blockage_seed3,3,Ours_TE_SEFF_rule,synthetic_trace_smoke,False,DYN_OBS_BLOCKED,True,hover,wait_or_reroute_waypoint,7,10.0,0.0,0.0,,,0.78872,165.0,0,1,0.42857142857142855,benchmark_swarm_rl\outputs\wef_main_6method_5seed_synthetic_matrix_20260619\T3_obstacle_blockage_seed3__Ours_TE_SEFF_rule
T3_obstacle_blockage,T3_obstacle_blockage_seed4,4,B0_pid_pose,synthetic_trace_smoke,False,DYN_OBS_BLOCKED,False,none,wait_or_reroute_waypoint,95,10.0,0.0,0.0,-0.387299,-1.387299,0.706464,160.0,0,16,0.0,benchmark_swarm_rl\outputs\wef_main_6method_5seed_synthetic_matrix_20260619\T3_obstacle_blockage_seed4__B0_pid_pose
T3_obstacle_blockage,T3_obstacle_blockage_seed4,4,B1_tracking_mpc,synthetic_trace_smoke,True,NONE,False,none,none,62,10.0,0.0,0.0,1.096391,0.096391,0.727517,165.0,0,0,0.0,benchmark_swarm_rl\outputs\wef_main_6method_5seed_synthetic_matrix_20260619\T3_obstacle_blockage_seed4__B1_tracking_mpc
T3_obstacle_blockage,T3_obstacle_blockage_seed4,4,B3_mpc_cbf,synthetic_trace_smoke,False,DYN_FEASIBILITY_VIOLATION,False,none,slow_down_split_waypoint_or_extend_horizon,220,10.0,0.0,0.0,1.73,0.73,0.6831,165.0,0,215,2.9318181818181817,benchmark_swarm_rl\outputs\wef_main_6method_5seed_synthetic_matrix_20260619\T3_obstacle_blockage_seed4__B3_mpc_cbf
T3_obstacle_blockage,T3_obstacle_blockage_seed4,4,Ours_SEFF_pose,synthetic_trace_smoke,False,DYN_OBS_BLOCKED,True,hover,wait_or_reroute_waypoint,18,10.0,0.0,0.0,,,0.768149,165.0,0,1,0.12709744444444446,benchmark_swarm_rl\outputs\wef_main_6method_5seed_synthetic_matrix_20260619\T3_obstacle_blockage_seed4__Ours_SEFF_pose
T3_obstacle_blockage,T3_obstacle_blockage_seed4,4,Ours_SEFF_local_continue,synthetic_trace_smoke,False,DYN_OBS_BLOCKED,True,hover,wait_or_reroute_waypoint,18,10.0,0.0,0.0,,,0.768149,165.0,0,1,0.12709744444444446,benchmark_swarm_rl\outputs\wef_main_6method_5seed_synthetic_matrix_20260619\T3_obstacle_blockage_seed4__Ours_SEFF_local_continue
T3_obstacle_blockage,T3_obstacle_blockage_seed4,4,Ours_TE_SEFF_rule,synthetic_trace_smoke,False,DYN_OBS_BLOCKED,True,hover,wait_or_reroute_waypoint,21,10.0,0.0,0.0,,,0.763371,165.0,0,1,0.10427695238095239,benchmark_swarm_rl\outputs\wef_main_6method_5seed_synthetic_matrix_20260619\T3_obstacle_blockage_seed4__Ours_TE_SEFF_rule
T4_low_energy,T4_low_energy_seed0,0,B0_pid_pose,synthetic_trace_smoke,False,ENERGY_INSUFFICIENT,False,none,return_home_or_shorten_task,104,14.0,0.0,0.0,,,0.162423,165.0,0,0,0.0,benchmark_swarm_rl\outputs\wef_main_6method_5seed_synthetic_matrix_20260619\T4_low_energy_seed0__B0_pid_pose
T4_low_energy,T4_low_energy_seed0,0,B1_tracking_mpc,synthetic_trace_smoke,False,ENERGY_INSUFFICIENT,False,none,return_home_or_shorten_task,72,14.0,0.0,0.0,,,0.185018,165.0,0,0,0.0,benchmark_swarm_rl\outputs\wef_main_6method_5seed_synthetic_matrix_20260619\T4_low_energy_seed0__B1_tracking_mpc
T4_low_energy,T4_low_energy_seed0,0,B3_mpc_cbf,synthetic_trace_smoke,False,ENERGY_INSUFFICIENT,False,none,return_home_or_shorten_task,72,14.0,0.0,0.0,,,0.183696,165.0,0,0,0.0,benchmark_swarm_rl\outputs\wef_main_6method_5seed_synthetic_matrix_20260619\T4_low_energy_seed0__B3_mpc_cbf
T4_low_energy,T4_low_energy_seed0,0,Ours_SEFF_pose,synthetic_trace_smoke,False,ENERGY_INSUFFICIENT,True,return_home,return_home_or_shorten_task,1,14.0,0.0,0.0,,,0.28,90.0,0,1,3.0,benchmark_swarm_rl\outputs\wef_main_6method_5seed_synthetic_matrix_20260619\T4_low_energy_seed0__Ours_SEFF_pose
T4_low_energy,T4_low_energy_seed0,0,Ours_SEFF_local_continue,synthetic_trace_smoke,False,ENERGY_INSUFFICIENT,True,return_home,return_home_or_shorten_task,1,14.0,0.0,0.0,,,0.28,90.0,0,1,3.0,benchmark_swarm_rl\outputs\wef_main_6method_5seed_synthetic_matrix_20260619\T4_low_energy_seed0__Ours_SEFF_local_continue
T4_low_energy,T4_low_energy_seed0,0,Ours_TE_SEFF_rule,synthetic_trace_smoke,False,ENERGY_INSUFFICIENT,True,return_home,return_home_or_shorten_task,1,14.0,0.0,0.0,,,0.28,90.0,0,1,3.0,benchmark_swarm_rl\outputs\wef_main_6method_5seed_synthetic_matrix_20260619\T4_low_energy_seed0__Ours_TE_SEFF_rule
T4_low_energy,T4_low_energy_seed1,1,B0_pid_pose,synthetic_trace_smoke,False,ENERGY_INSUFFICIENT,False,none,return_home_or_shorten_task,109,15.5,0.0,0.0,,,0.172423,165.0,0,0,0.0,benchmark_swarm_rl\outputs\wef_main_6method_5seed_synthetic_matrix_20260619\T4_low_energy_seed1__B0_pid_pose
T4_low_energy,T4_low_energy_seed1,1,B1_tracking_mpc,synthetic_trace_smoke,False,ENERGY_INSUFFICIENT,False,none,return_home_or_shorten_task,77,15.5,0.0,0.0,,,0.195768,165.0,0,0,0.0,benchmark_swarm_rl\outputs\wef_main_6method_5seed_synthetic_matrix_20260619\T4_low_energy_seed1__B1_tracking_mpc
T4_low_energy,T4_low_energy_seed1,1,B3_mpc_cbf,synthetic_trace_smoke,False,ENERGY_INSUFFICIENT,False,none,return_home_or_shorten_task,77,15.5,0.0,0.0,,,0.194296,165.0,0,0,0.0,benchmark_swarm_rl\outputs\wef_main_6method_5seed_synthetic_matrix_20260619\T4_low_energy_seed1__B3_mpc_cbf
T4_low_energy,T4_low_energy_seed1,1,Ours_SEFF_pose,synthetic_trace_smoke,False,ENERGY_INSUFFICIENT,True,return_home,return_home_or_shorten_task,1,15.5,0.0,0.0,,,0.3,90.0,0,1,3.0,benchmark_swarm_rl\outputs\wef_main_6method_5seed_synthetic_matrix_20260619\T4_low_energy_seed1__Ours_SEFF_pose
T4_low_energy,T4_low_energy_seed1,1,Ours_SEFF_local_continue,synthetic_trace_smoke,False,ENERGY_INSUFFICIENT,True,return_home,return_home_or_shorten_task,1,15.5,0.0,0.0,,,0.3,90.0,0,1,3.0,benchmark_swarm_rl\outputs\wef_main_6method_5seed_synthetic_matrix_20260619\T4_low_energy_seed1__Ours_SEFF_local_continue
T4_low_energy,T4_low_energy_seed1,1,Ours_TE_SEFF_rule,synthetic_trace_smoke,False,ENERGY_INSUFFICIENT,True,return_home,return_home_or_shorten_task,1,15.5,0.0,0.0,,,0.3,90.0,0,1,3.0,benchmark_swarm_rl\outputs\wef_main_6method_5seed_synthetic_matrix_20260619\T4_low_energy_seed1__Ours_TE_SEFF_rule
T4_low_energy,T4_low_energy_seed2,2,B0_pid_pose,synthetic_trace_smoke,False,ENERGY_INSUFFICIENT,False,none,return_home_or_shorten_task,101,13.2,0.0,0.0,,,0.157961,165.0,0,0,0.0,benchmark_swarm_rl\outputs\wef_main_6method_5seed_synthetic_matrix_20260619\T4_low_energy_seed2__B0_pid_pose
T4_low_energy,T4_low_energy_seed2,2,B1_tracking_mpc,synthetic_trace_smoke,False,ENERGY_INSUFFICIENT,False,none,return_home_or_shorten_task,69,13.2,0.0,0.0,,,0.180172,165.0,0,0,0.0,benchmark_swarm_rl\outputs\wef_main_6method_5seed_synthetic_matrix_20260619\T4_low_energy_seed2__B1_tracking_mpc
T4_low_energy,T4_low_energy_seed2,2,B3_mpc_cbf,synthetic_trace_smoke,False,ENERGY_INSUFFICIENT,False,none,return_home_or_shorten_task,69,13.2,0.0,0.0,,,0.178931,165.0,0,0,0.0,benchmark_swarm_rl\outputs\wef_main_6method_5seed_synthetic_matrix_20260619\T4_low_energy_seed2__B3_mpc_cbf
T4_low_energy,T4_low_energy_seed2,2,Ours_SEFF_pose,synthetic_trace_smoke,False,ENERGY_INSUFFICIENT,True,return_home,return_home_or_shorten_task,1,13.2,0.0,0.0,,,0.27,90.0,0,1,3.0,benchmark_swarm_rl\outputs\wef_main_6method_5seed_synthetic_matrix_20260619\T4_low_energy_seed2__Ours_SEFF_pose
T4_low_energy,T4_low_energy_seed2,2,Ours_SEFF_local_continue,synthetic_trace_smoke,False,ENERGY_INSUFFICIENT,True,return_home,return_home_or_shorten_task,1,13.2,0.0,0.0,,,0.27,90.0,0,1,3.0,benchmark_swarm_rl\outputs\wef_main_6method_5seed_synthetic_matrix_20260619\T4_low_energy_seed2__Ours_SEFF_local_continue
T4_low_energy,T4_low_energy_seed2,2,Ours_TE_SEFF_rule,synthetic_trace_smoke,False,ENERGY_INSUFFICIENT,True,return_home,return_home_or_shorten_task,1,13.2,0.0,0.0,,,0.27,90.0,0,1,3.0,benchmark_swarm_rl\outputs\wef_main_6method_5seed_synthetic_matrix_20260619\T4_low_energy_seed2__Ours_TE_SEFF_rule
T4_low_energy,T4_low_energy_seed3,3,B0_pid_pose,synthetic_trace_smoke,False,ENERGY_INSUFFICIENT,False,none,return_home_or_shorten_task,111,16.2,0.0,0.0,,,0.177961,165.0,0,0,0.0,benchmark_swarm_rl\outputs\wef_main_6method_5seed_synthetic_matrix_20260619\T4_low_energy_seed3__B0_pid_pose
T4_low_energy,T4_low_energy_seed3,3,B1_tracking_mpc,synthetic_trace_smoke,False,ENERGY_INSUFFICIENT,False,none,return_home_or_shorten_task,79,16.2,0.0,0.0,,,0.201672,165.0,0,0,0.0,benchmark_swarm_rl\outputs\wef_main_6method_5seed_synthetic_matrix_20260619\T4_low_energy_seed3__B1_tracking_mpc
T4_low_energy,T4_low_energy_seed3,3,B3_mpc_cbf,synthetic_trace_smoke,False,ENERGY_INSUFFICIENT,False,none,return_home_or_shorten_task,79,16.2,0.0,0.0,,,0.200131,165.0,0,0,0.0,benchmark_swarm_rl\outputs\wef_main_6method_5seed_synthetic_matrix_20260619\T4_low_energy_seed3__B3_mpc_cbf
T4_low_energy,T4_low_energy_seed3,3,Ours_SEFF_pose,synthetic_trace_smoke,False,ENERGY_INSUFFICIENT,True,return_home,return_home_or_shorten_task,1,16.2,0.0,0.0,,,0.31,90.0,0,1,3.0,benchmark_swarm_rl\outputs\wef_main_6method_5seed_synthetic_matrix_20260619\T4_low_energy_seed3__Ours_SEFF_pose
T4_low_energy,T4_low_energy_seed3,3,Ours_SEFF_local_continue,synthetic_trace_smoke,False,ENERGY_INSUFFICIENT,True,return_home,return_home_or_shorten_task,1,16.2,0.0,0.0,,,0.31,90.0,0,1,3.0,benchmark_swarm_rl\outputs\wef_main_6method_5seed_synthetic_matrix_20260619\T4_low_energy_seed3__Ours_SEFF_local_continue
T4_low_energy,T4_low_energy_seed3,3,Ours_TE_SEFF_rule,synthetic_trace_smoke,False,ENERGY_INSUFFICIENT,True,return_home,return_home_or_shorten_task,1,16.2,0.0,0.0,,,0.31,90.0,0,1,3.0,benchmark_swarm_rl\outputs\wef_main_6method_5seed_synthetic_matrix_20260619\T4_low_energy_seed3__Ours_TE_SEFF_rule
T4_low_energy,T4_low_energy_seed4,4,B0_pid_pose,synthetic_trace_smoke,False,ENERGY_INSUFFICIENT,False,none,return_home_or_shorten_task,100,12.8,0.0,0.0,,,0.155423,165.0,0,0,0.0,benchmark_swarm_rl\outputs\wef_main_6method_5seed_synthetic_matrix_20260619\T4_low_energy_seed4__B0_pid_pose
T4_low_energy,T4_low_energy_seed4,4,B1_tracking_mpc,synthetic_trace_smoke,False,ENERGY_INSUFFICIENT,False,none,return_home_or_shorten_task,68,12.8,0.0,0.0,,,0.177418,165.0,0,0,0.0,benchmark_swarm_rl\outputs\wef_main_6method_5seed_synthetic_matrix_20260619\T4_low_energy_seed4__B1_tracking_mpc
T4_low_energy,T4_low_energy_seed4,4,B3_mpc_cbf,synthetic_trace_smoke,False,ENERGY_INSUFFICIENT,False,none,return_home_or_shorten_task,68,12.8,0.0,0.0,,,0.176216,165.0,0,0,0.0,benchmark_swarm_rl\outputs\wef_main_6method_5seed_synthetic_matrix_20260619\T4_low_energy_seed4__B3_mpc_cbf
T4_low_energy,T4_low_energy_seed4,4,Ours_SEFF_pose,synthetic_trace_smoke,False,ENERGY_INSUFFICIENT,True,return_home,return_home_or_shorten_task,1,12.8,0.0,0.0,,,0.265,90.0,0,1,3.0,benchmark_swarm_rl\outputs\wef_main_6method_5seed_synthetic_matrix_20260619\T4_low_energy_seed4__Ours_SEFF_pose
T4_low_energy,T4_low_energy_seed4,4,Ours_SEFF_local_continue,synthetic_trace_smoke,False,ENERGY_INSUFFICIENT,True,return_home,return_home_or_shorten_task,1,12.8,0.0,0.0,,,0.265,90.0,0,1,3.0,benchmark_swarm_rl\outputs\wef_main_6method_5seed_synthetic_matrix_20260619\T4_low_energy_seed4__Ours_SEFF_local_continue
T4_low_energy,T4_low_energy_seed4,4,Ours_TE_SEFF_rule,synthetic_trace_smoke,False,ENERGY_INSUFFICIENT,True,return_home,return_home_or_shorten_task,1,12.8,0.0,0.0,,,0.265,90.0,0,1,3.0,benchmark_swarm_rl\outputs\wef_main_6method_5seed_synthetic_matrix_20260619\T4_low_energy_seed4__Ours_TE_SEFF_rule
T5_stale_command,T5_stale_command_seed0,0,B0_pid_pose,synthetic_trace_smoke,False,STALE_COMMAND,False,none,reissue_waypoint_or_hold,6,8.0,0.0,0.0,,,0.792205,146.0,6,0,0.0,benchmark_swarm_rl\outputs\wef_main_6method_5seed_synthetic_matrix_20260619\T5_stale_command_seed0__B0_pid_pose
T5_stale_command,T5_stale_command_seed0,0,B1_tracking_mpc,synthetic_trace_smoke,False,STALE_COMMAND,False,none,reissue_waypoint_or_hold,6,8.0,0.0,0.0,,,0.79075,165.0,6,0,0.0,benchmark_swarm_rl\outputs\wef_main_6method_5seed_synthetic_matrix_20260619\T5_stale_command_seed0__B1_tracking_mpc
T5_stale_command,T5_stale_command_seed0,0,B3_mpc_cbf,synthetic_trace_smoke,False,STALE_COMMAND,False,none,reissue_waypoint_or_hold,6,8.0,0.0,0.0,,,0.7906,165.0,6,0,0.0,benchmark_swarm_rl\outputs\wef_main_6method_5seed_synthetic_matrix_20260619\T5_stale_command_seed0__B3_mpc_cbf
T5_stale_command,T5_stale_command_seed0,0,Ours_SEFF_pose,synthetic_trace_smoke,False,STALE_COMMAND,True,hover,reissue_waypoint_or_hold,6,8.0,0.0,0.0,,,0.790375,165.0,6,1,0.4875,benchmark_swarm_rl\outputs\wef_main_6method_5seed_synthetic_matrix_20260619\T5_stale_command_seed0__Ours_SEFF_pose
T5_stale_command,T5_stale_command_seed0,0,Ours_SEFF_local_continue,synthetic_trace_smoke,True,NONE,False,none,none,60,8.0,0.0,0.0,,,0.735345,165.0,10,54,0.03870629999999999,benchmark_swarm_rl\outputs\wef_main_6method_5seed_synthetic_matrix_20260619\T5_stale_command_seed0__Ours_SEFF_local_continue
T5_stale_command,T5_stale_command_seed0,0,Ours_TE_SEFF_rule,synthetic_trace_smoke,True,NONE,False,none,none,53,8.0,0.0,0.0,,,0.739923,165.0,10,47,0.04355688679245284,benchmark_swarm_rl\outputs\wef_main_6method_5seed_synthetic_matrix_20260619\T5_stale_command_seed0__Ours_TE_SEFF_rule
T5_stale_command,T5_stale_command_seed1,1,B0_pid_pose,synthetic_trace_smoke,False,STALE_COMMAND,False,none,reissue_waypoint_or_hold,6,8.8,0.0,0.0,,,0.791675,151.6,6,0,0.0,benchmark_swarm_rl\outputs\wef_main_6method_5seed_synthetic_matrix_20260619\T5_stale_command_seed1__B0_pid_pose
T5_stale_command,T5_stale_command_seed1,1,B1_tracking_mpc,synthetic_trace_smoke,False,STALE_COMMAND,False,none,reissue_waypoint_or_hold,6,8.8,0.0,0.0,,,0.79075,165.0,6,0,0.0,benchmark_swarm_rl\outputs\wef_main_6method_5seed_synthetic_matrix_20260619\T5_stale_command_seed1__B1_tracking_mpc
T5_stale_command,T5_stale_command_seed1,1,B3_mpc_cbf,synthetic_trace_smoke,False,STALE_COMMAND,False,none,reissue_waypoint_or_hold,6,8.8,0.0,0.0,,,0.7906,165.0,6,0,0.0,benchmark_swarm_rl\outputs\wef_main_6method_5seed_synthetic_matrix_20260619\T5_stale_command_seed1__B3_mpc_cbf
T5_stale_command,T5_stale_command_seed1,1,Ours_SEFF_pose,synthetic_trace_smoke,False,STALE_COMMAND,True,hover,reissue_waypoint_or_hold,6,8.8,0.0,0.0,,,0.790375,165.0,6,1,0.5,benchmark_swarm_rl\outputs\wef_main_6method_5seed_synthetic_matrix_20260619\T5_stale_command_seed1__Ours_SEFF_pose
T5_stale_command,T5_stale_command_seed1,1,Ours_SEFF_local_continue,synthetic_trace_smoke,True,NONE,False,none,none,64,8.8,0.0,0.0,,,0.729509,165.0,12,58,0.05638454687500001,benchmark_swarm_rl\outputs\wef_main_6method_5seed_synthetic_matrix_20260619\T5_stale_command_seed1__Ours_SEFF_local_continue
T5_stale_command,T5_stale_command_seed1,1,Ours_TE_SEFF_rule,synthetic_trace_smoke,True,NONE,False,none,none,57,8.8,0.0,0.0,,,0.734187,165.0,12,51,0.06325289473684215,benchmark_swarm_rl\outputs\wef_main_6method_5seed_synthetic_matrix_20260619\T5_stale_command_seed1__Ours_TE_SEFF_rule
T5_stale_command,T5_stale_command_seed2,2,B0_pid_pose,synthetic_trace_smoke,False,STALE_COMMAND,False,none,reissue_waypoint_or_hold,5,7.4,0.0,0.0,,,0.794027,141.8,5,0,0.0,benchmark_swarm_rl\outputs\wef_main_6method_5seed_synthetic_matrix_20260619\T5_stale_command_seed2__B0_pid_pose
T5_stale_command,T5_stale_command_seed2,2,B1_tracking_mpc,synthetic_trace_smoke,False,STALE_COMMAND,False,none,reissue_waypoint_or_hold,5,7.4,0.0,0.0,,,0.792634,165.0,5,0,0.0,benchmark_swarm_rl\outputs\wef_main_6method_5seed_synthetic_matrix_20260619\T5_stale_command_seed2__B1_tracking_mpc
T5_stale_command,T5_stale_command_seed2,2,B3_mpc_cbf,synthetic_trace_smoke,False,STALE_COMMAND,False,none,reissue_waypoint_or_hold,5,7.4,0.0,0.0,,,0.792515,165.0,5,0,0.0,benchmark_swarm_rl\outputs\wef_main_6method_5seed_synthetic_matrix_20260619\T5_stale_command_seed2__B3_mpc_cbf
T5_stale_command,T5_stale_command_seed2,2,Ours_SEFF_pose,synthetic_trace_smoke,False,STALE_COMMAND,True,hover,reissue_waypoint_or_hold,5,7.4,0.0,0.0,,,0.792336,165.0,5,1,0.558675,benchmark_swarm_rl\outputs\wef_main_6method_5seed_synthetic_matrix_20260619\T5_stale_command_seed2__Ours_SEFF_pose
T5_stale_command,T5_stale_command_seed2,2,Ours_SEFF_local_continue,synthetic_trace_smoke,True,NONE,False,none,none,58,7.4,0.0,0.0,,,0.739135,165.0,8,53,0.03100113793103451,benchmark_swarm_rl\outputs\wef_main_6method_5seed_synthetic_matrix_20260619\T5_stale_command_seed2__Ours_SEFF_local_continue
T5_stale_command,T5_stale_command_seed2,2,Ours_TE_SEFF_rule,synthetic_trace_smoke,True,NONE,False,none,none,51,7.4,0.0,0.0,,,0.743626,165.0,8,46,0.03497368627450978,benchmark_swarm_rl\outputs\wef_main_6method_5seed_synthetic_matrix_20260619\T5_stale_command_seed2__Ours_TE_SEFF_rule
T5_stale_command,T5_stale_command_seed3,3,B0_pid_pose,synthetic_trace_smoke,False,STALE_COMMAND,False,none,reissue_waypoint_or_hold,7,9.2,0.0,0.0,,,0.789793,154.4,7,0,0.0,benchmark_swarm_rl\outputs\wef_main_6method_5seed_synthetic_matrix_20260619\T5_stale_command_seed3__B0_pid_pose
T5_stale_command,T5_stale_command_seed3,3,B1_tracking_mpc,synthetic_trace_smoke,False,STALE_COMMAND,False,none,reissue_waypoint_or_hold,7,9.2,0.0,0.0,,,0.7889,165.0,7,0,0.0,benchmark_swarm_rl\outputs\wef_main_6method_5seed_synthetic_matrix_20260619\T5_stale_command_seed3__B1_tracking_mpc
T5_stale_command,T5_stale_command_seed3,3,B3_mpc_cbf,synthetic_trace_smoke,False,STALE_COMMAND,False,none,reissue_waypoint_or_hold,7,9.2,0.0,0.0,,,0.78872,165.0,7,0,0.0,benchmark_swarm_rl\outputs\wef_main_6method_5seed_synthetic_matrix_20260619\T5_stale_command_seed3__B3_mpc_cbf
T5_stale_command,T5_stale_command_seed3,3,Ours_SEFF_pose,synthetic_trace_smoke,False,STALE_COMMAND,True,hover,reissue_waypoint_or_hold,7,9.2,0.0,0.0,,,0.78845,165.0,7,1,0.42857142857142855,benchmark_swarm_rl\outputs\wef_main_6method_5seed_synthetic_matrix_20260619\T5_stale_command_seed3__Ours_SEFF_pose
T5_stale_command,T5_stale_command_seed3,3,Ours_SEFF_local_continue,synthetic_trace_smoke,True,NONE,False,none,none,66,9.2,0.0,0.0,,,0.726532,165.0,13,59,0.055731742424242406,benchmark_swarm_rl\outputs\wef_main_6method_5seed_synthetic_matrix_20260619\T5_stale_command_seed3__Ours_SEFF_local_continue
T5_stale_command,T5_stale_command_seed3,3,Ours_TE_SEFF_rule,synthetic_trace_smoke,True,NONE,False,none,none,58,9.2,0.0,0.0,,,0.731895,165.0,13,51,0.06311886206896547,benchmark_swarm_rl\outputs\wef_main_6method_5seed_synthetic_matrix_20260619\T5_stale_command_seed3__Ours_TE_SEFF_rule
T5_stale_command,T5_stale_command_seed4,4,B0_pid_pose,synthetic_trace_smoke,False,STALE_COMMAND,False,none,reissue_waypoint_or_hold,5,7.8,0.0,0.0,,,0.793812,144.6,5,0,0.0,benchmark_swarm_rl\outputs\wef_main_6method_5seed_synthetic_matrix_20260619\T5_stale_command_seed4__B0_pid_pose
T5_stale_command,T5_stale_command_seed4,4,B1_tracking_mpc,synthetic_trace_smoke,False,STALE_COMMAND,False,none,reissue_waypoint_or_hold,5,7.8,0.0,0.0,,,0.7926,165.0,5,0,0.0,benchmark_swarm_rl\outputs\wef_main_6method_5seed_synthetic_matrix_20260619\T5_stale_command_seed4__B1_tracking_mpc
T5_stale_command,T5_stale_command_seed4,4,B3_mpc_cbf,synthetic_trace_smoke,False,STALE_COMMAND,False,none,reissue_waypoint_or_hold,5,7.8,0.0,0.0,,,0.79248,165.0,5,0,0.0,benchmark_swarm_rl\outputs\wef_main_6method_5seed_synthetic_matrix_20260619\T5_stale_command_seed4__B3_mpc_cbf
T5_stale_command,T5_stale_command_seed4,4,Ours_SEFF_pose,synthetic_trace_smoke,False,STALE_COMMAND,True,hover,reissue_waypoint_or_hold,5,7.8,0.0,0.0,,,0.7923,165.0,5,1,0.5940000000000001,benchmark_swarm_rl\outputs\wef_main_6method_5seed_synthetic_matrix_20260619\T5_stale_command_seed4__Ours_SEFF_pose
T5_stale_command,T5_stale_command_seed4,4,Ours_SEFF_local_continue,synthetic_trace_smoke,True,NONE,False,none,none,60,7.8,0.0,0.0,,,0.736214,165.0,9,55,0.03949193333333334,benchmark_swarm_rl\outputs\wef_main_6method_5seed_synthetic_matrix_20260619\T5_stale_command_seed4__Ours_SEFF_local_continue
T5_stale_command,T5_stale_command_seed4,4,Ours_TE_SEFF_rule,synthetic_trace_smoke,True,NONE,False,none,none,53,7.8,0.0,0.0,,,0.740754,165.0,9,48,0.044528377358490565,benchmark_swarm_rl\outputs\wef_main_6method_5seed_synthetic_matrix_20260619\T5_stale_command_seed4__Ours_TE_SEFF_rule
T8_pose_waypoint,T8_pose_waypoint_seed0,0,B0_pid_pose,synthetic_trace_smoke,True,NONE,False,none,none,88,7.082372,0.406202,0.0,,,0.724081,140.126607,0,0,0.0,benchmark_swarm_rl\outputs\wef_main_6method_5seed_synthetic_matrix_20260619\T8_pose_waypoint_seed0__B0_pid_pose
T8_pose_waypoint,T8_pose_waypoint_seed0,0,B1_tracking_mpc,synthetic_trace_smoke,True,NONE,False,none,none,55,7.082372,0.406202,0.0,,,0.743791,166.0,0,0,0.0,benchmark_swarm_rl\outputs\wef_main_6method_5seed_synthetic_matrix_20260619\T8_pose_waypoint_seed0__B1_tracking_mpc
T8_pose_waypoint,T8_pose_waypoint_seed0,0,B3_mpc_cbf,synthetic_trace_smoke,True,NONE,False,none,none,55,7.082372,0.406202,0.0,,,0.743142,166.0,0,0,0.0,benchmark_swarm_rl\outputs\wef_main_6method_5seed_synthetic_matrix_20260619\T8_pose_waypoint_seed0__B3_mpc_cbf
T8_pose_waypoint,T8_pose_waypoint_seed0,0,Ours_SEFF_pose,synthetic_trace_smoke,True,NONE,False,none,none,55,7.082372,0.406202,0.0,,,0.742168,166.0,0,0,0.0,benchmark_swarm_rl\outputs\wef_main_6method_5seed_synthetic_matrix_20260619\T8_pose_waypoint_seed0__Ours_SEFF_pose
T8_pose_waypoint,T8_pose_waypoint_seed0,0,Ours_SEFF_local_continue,synthetic_trace_smoke,True,NONE,False,none,none,55,7.082372,0.406202,0.0,,,0.742168,166.0,0,0,0.0,benchmark_swarm_rl\outputs\wef_main_6method_5seed_synthetic_matrix_20260619\T8_pose_waypoint_seed0__Ours_SEFF_local_continue
T8_pose_waypoint,T8_pose_waypoint_seed0,0,Ours_TE_SEFF_rule,synthetic_trace_smoke,True,NONE,False,none,none,48,7.082372,0.406202,0.0,,,0.746647,166.45,0,0,0.0,benchmark_swarm_rl\outputs\wef_main_6method_5seed_synthetic_matrix_20260619\T8_pose_waypoint_seed0__Ours_TE_SEFF_rule
T8_pose_waypoint,T8_pose_waypoint_seed1,1,B0_pid_pose,synthetic_trace_smoke,True,NONE,False,none,none,92,7.751129,0.466905,0.0,,,0.718668,144.961903,0,0,0.0,benchmark_swarm_rl\outputs\wef_main_6method_5seed_synthetic_matrix_20260619\T8_pose_waypoint_seed1__B0_pid_pose
T8_pose_waypoint,T8_pose_waypoint_seed1,1,B1_tracking_mpc,synthetic_trace_smoke,True,NONE,False,none,none,57,7.751129,0.466905,0.0,,,0.73981,166.28,0,0,0.0,benchmark_swarm_rl\outputs\wef_main_6method_5seed_synthetic_matrix_20260619\T8_pose_waypoint_seed1__B1_tracking_mpc
T8_pose_waypoint,T8_pose_waypoint_seed1,1,B3_mpc_cbf,synthetic_trace_smoke,True,NONE,False,none,none,57,7.751129,0.466905,0.0,,,0.739094,166.28,0,0,0.0,benchmark_swarm_rl\outputs\wef_main_6method_5seed_synthetic_matrix_20260619\T8_pose_waypoint_seed1__B3_mpc_cbf
T8_pose_waypoint,T8_pose_waypoint_seed1,1,Ours_SEFF_pose,synthetic_trace_smoke,True,NONE,False,none,none,57,7.751129,0.466905,0.0,,,0.738021,166.28,0,0,0.0,benchmark_swarm_rl\outputs\wef_main_6method_5seed_synthetic_matrix_20260619\T8_pose_waypoint_seed1__Ours_SEFF_pose
T8_pose_waypoint,T8_pose_waypoint_seed1,1,Ours_SEFF_local_continue,synthetic_trace_smoke,True,NONE,False,none,none,57,7.751129,0.466905,0.0,,,0.738021,166.28,0,0,0.0,benchmark_swarm_rl\outputs\wef_main_6method_5seed_synthetic_matrix_20260619\T8_pose_waypoint_seed1__Ours_SEFF_local_continue
T8_pose_waypoint,T8_pose_waypoint_seed1,1,Ours_TE_SEFF_rule,synthetic_trace_smoke,True,NONE,False,none,none,50,7.751129,0.466905,0.0,,,0.742604,166.856,0,0,0.0,benchmark_swarm_rl\outputs\wef_main_6method_5seed_synthetic_matrix_20260619\T8_pose_waypoint_seed1__Ours_TE_SEFF_rule
T8_pose_waypoint,T8_pose_waypoint_seed2,2,B0_pid_pose,synthetic_trace_smoke,True,NONE,False,none,none,86,6.530697,0.360555,0.0,,,0.727768,136.242877,0,0,0.0,benchmark_swarm_rl\outputs\wef_main_6method_5seed_synthetic_matrix_20260619\T8_pose_waypoint_seed2__B0_pid_pose
T8_pose_waypoint,T8_pose_waypoint_seed2,2,B1_tracking_mpc,synthetic_trace_smoke,True,NONE,False,none,none,53,6.530697,0.360555,0.0,,,0.747293,164.430338,0,0,0.0,benchmark_swarm_rl\outputs\wef_main_6method_5seed_synthetic_matrix_20260619\T8_pose_waypoint_seed2__B1_tracking_mpc
T8_pose_waypoint,T8_pose_waypoint_seed2,2,B3_mpc_cbf,synthetic_trace_smoke,True,NONE,False,none,none,53,6.530697,0.360555,0.0,,,0.7467,164.430338,0,0,0.0,benchmark_swarm_rl\outputs\wef_main_6method_5seed_synthetic_matrix_20260619\T8_pose_waypoint_seed2__B3_mpc_cbf
T8_pose_waypoint,T8_pose_waypoint_seed2,2,Ours_SEFF_pose,synthetic_trace_smoke,True,NONE,False,none,none,53,6.530697,0.360555,0.0,,,0.745809,164.430338,0,0,0.0,benchmark_swarm_rl\outputs\wef_main_6method_5seed_synthetic_matrix_20260619\T8_pose_waypoint_seed2__Ours_SEFF_pose
T8_pose_waypoint,T8_pose_waypoint_seed2,2,Ours_SEFF_local_continue,synthetic_trace_smoke,True,NONE,False,none,none,53,6.530697,0.360555,0.0,,,0.745809,164.430338,0,0,0.0,benchmark_swarm_rl\outputs\wef_main_6method_5seed_synthetic_matrix_20260619\T8_pose_waypoint_seed2__Ours_SEFF_local_continue
T8_pose_waypoint,T8_pose_waypoint_seed2,2,Ours_TE_SEFF_rule,synthetic_trace_smoke,True,NONE,False,none,none,46,6.530697,0.360555,0.0,,,0.750208,166.392,0,0,0.0,benchmark_swarm_rl\outputs\wef_main_6method_5seed_synthetic_matrix_20260619\T8_pose_waypoint_seed2__Ours_TE_SEFF_rule
T8_pose_waypoint,T8_pose_waypoint_seed3,3,B0_pid_pose,synthetic_trace_smoke,True,NONE,False,none,none,94,8.21523,0.555338,0.0,,,0.715352,148.342608,0,0,0.0,benchmark_swarm_rl\outputs\wef_main_6method_5seed_synthetic_matrix_20260619\T8_pose_waypoint_seed3__B0_pid_pose
T8_pose_waypoint,T8_pose_waypoint_seed3,3,B1_tracking_mpc,synthetic_trace_smoke,True,NONE,False,none,none,59,8.21523,0.555338,0.0,,,0.736665,166.52,0,0,0.0,benchmark_swarm_rl\outputs\wef_main_6method_5seed_synthetic_matrix_20260619\T8_pose_waypoint_seed3__B1_tracking_mpc
T8_pose_waypoint,T8_pose_waypoint_seed3,3,B3_mpc_cbf,synthetic_trace_smoke,True,NONE,False,none,none,59,8.21523,0.555338,0.0,,,0.735902,166.52,0,0,0.0,benchmark_swarm_rl\outputs\wef_main_6method_5seed_synthetic_matrix_20260619\T8_pose_waypoint_seed3__B3_mpc_cbf
T8_pose_waypoint,T8_pose_waypoint_seed3,3,Ours_SEFF_pose,synthetic_trace_smoke,True,NONE,False,none,none,59,8.21523,0.555338,0.0,,,0.734758,166.52,0,0,0.0,benchmark_swarm_rl\outputs\wef_main_6method_5seed_synthetic_matrix_20260619\T8_pose_waypoint_seed3__Ours_SEFF_pose
T8_pose_waypoint,T8_pose_waypoint_seed3,3,Ours_SEFF_local_continue,synthetic_trace_smoke,True,NONE,False,none,none,59,8.21523,0.555338,0.0,,,0.734758,166.52,0,0,0.0,benchmark_swarm_rl\outputs\wef_main_6method_5seed_synthetic_matrix_20260619\T8_pose_waypoint_seed3__Ours_SEFF_local_continue
T8_pose_waypoint,T8_pose_waypoint_seed3,3,Ours_TE_SEFF_rule,synthetic_trace_smoke,True,NONE,False,none,none,52,8.21523,0.555338,0.0,,,0.739403,167.204,0,0,0.0,benchmark_swarm_rl\outputs\wef_main_6method_5seed_synthetic_matrix_20260619\T8_pose_waypoint_seed3__Ours_TE_SEFF_rule
T8_pose_waypoint,T8_pose_waypoint_seed4,4,B0_pid_pose,synthetic_trace_smoke,True,NONE,False,none,none,88,6.951259,0.45299,0.0,,,0.724681,139.274812,0,0,0.0,benchmark_swarm_rl\outputs\wef_main_6method_5seed_synthetic_matrix_20260619\T8_pose_waypoint_seed4__B0_pid_pose
T8_pose_waypoint,T8_pose_waypoint_seed4,4,B1_tracking_mpc,synthetic_trace_smoke,True,NONE,False,none,none,55,6.951259,0.45299,0.0,,,0.744327,166.12,0,0,0.0,benchmark_swarm_rl\outputs\wef_main_6method_5seed_synthetic_matrix_20260619\T8_pose_waypoint_seed4__B1_tracking_mpc
T8_pose_waypoint,T8_pose_waypoint_seed4,4,B3_mpc_cbf,synthetic_trace_smoke,True,NONE,False,none,none,55,6.951259,0.45299,0.0,,,0.74369,166.12,0,0,0.0,benchmark_swarm_rl\outputs\wef_main_6method_5seed_synthetic_matrix_20260619\T8_pose_waypoint_seed4__B3_mpc_cbf
T8_pose_waypoint,T8_pose_waypoint_seed4,4,Ours_SEFF_pose,synthetic_trace_smoke,True,NONE,False,none,none,55,6.951259,0.45299,0.0,,,0.742734,166.12,0,0,0.0,benchmark_swarm_rl\outputs\wef_main_6method_5seed_synthetic_matrix_20260619\T8_pose_waypoint_seed4__Ours_SEFF_pose
T8_pose_waypoint,T8_pose_waypoint_seed4,4,Ours_SEFF_local_continue,synthetic_trace_smoke,True,NONE,False,none,none,55,6.951259,0.45299,0.0,,,0.742734,166.12,0,0,0.0,benchmark_swarm_rl\outputs\wef_main_6method_5seed_synthetic_matrix_20260619\T8_pose_waypoint_seed4__Ours_SEFF_local_continue
T8_pose_waypoint,T8_pose_waypoint_seed4,4,Ours_TE_SEFF_rule,synthetic_trace_smoke,True,NONE,False,none,none,48,6.951259,0.45299,0.0,,,0.747187,166.624,0,0,0.0,benchmark_swarm_rl\outputs\wef_main_6method_5seed_synthetic_matrix_20260619\T8_pose_waypoint_seed4__Ours_TE_SEFF_rule
T9_tilted_inspection,T9_tilted_inspection_seed0,0,B0_pid_pose,synthetic_trace_smoke,False,DYN_FEASIBILITY_VIOLATION,False,none,slow_down_split_waypoint_or_extend_horizon,220,6.164414,0.561249,0.312064,1.302689,0.302689,0.659238,134.140898,0,0,0.0,benchmark_swarm_rl\outputs\wef_main_6method_5seed_synthetic_matrix_20260619\T9_tilted_inspection_seed0__B0_pid_pose
T9_tilted_inspection,T9_tilted_inspection_seed0,0,B1_tracking_mpc,synthetic_trace_smoke,False,DYN_FEASIBILITY_VIOLATION,False,none,slow_down_split_waypoint_or_extend_horizon,220,6.164414,0.561249,0.313614,1.291525,0.291525,0.662261,154.3,0,0,0.0,benchmark_swarm_rl\outputs\wef_main_6method_5seed_synthetic_matrix_20260619\T9_tilted_inspection_seed0__B1_tracking_mpc
T9_tilted_inspection,T9_tilted_inspection_seed0,0,B3_mpc_cbf,synthetic_trace_smoke,False,DYN_FEASIBILITY_VIOLATION,False,none,slow_down_split_waypoint_or_extend_horizon,220,6.164414,0.561249,0.244979,4.974195,3.974195,0.678876,154.3,0,209,1.6014540384934717,benchmark_swarm_rl\outputs\wef_main_6method_5seed_synthetic_matrix_20260619\T9_tilted_inspection_seed0__B3_mpc_cbf
T9_tilted_inspection,T9_tilted_inspection_seed0,0,Ours_SEFF_pose,synthetic_trace_smoke,False,DYN_FEASIBILITY_VIOLATION,False,none,slow_down_split_waypoint_or_extend_horizon,220,6.164414,0.561249,0.244979,4.974195,3.974195,0.678513,154.3,0,209,1.6014540384934717,benchmark_swarm_rl\outputs\wef_main_6method_5seed_synthetic_matrix_20260619\T9_tilted_inspection_seed0__Ours_SEFF_pose
T9_tilted_inspection,T9_tilted_inspection_seed0,0,Ours_SEFF_local_continue,synthetic_trace_smoke,False,DYN_FEASIBILITY_VIOLATION,False,none,slow_down_split_waypoint_or_extend_horizon,220,6.164414,0.561249,0.244979,4.974195,3.974195,0.678513,154.3,0,209,1.6014540384934717,benchmark_swarm_rl\outputs\wef_main_6method_5seed_synthetic_matrix_20260619\T9_tilted_inspection_seed0__Ours_SEFF_local_continue
T9_tilted_inspection,T9_tilted_inspection_seed0,0,Ours_TE_SEFF_rule,synthetic_trace_smoke,True,NONE,False,none,none,46,6.164414,0.593729,0.244979,1.851914,0.851914,0.751817,155.11,0,45,0.0,benchmark_swarm_rl\outputs\wef_main_6method_5seed_synthetic_matrix_20260619\T9_tilted_inspection_seed0__Ours_TE_SEFF_rule
T9_tilted_inspection,T9_tilted_inspection_seed1,1,B0_pid_pose,synthetic_trace_smoke,False,DYN_FEASIBILITY_VIOLATION,False,none,slow_down_split_waypoint_or_extend_horizon,220,6.539113,0.621611,0.31806,1.26707,0.26707,0.657368,136.917792,0,0,0.0,benchmark_swarm_rl\outputs\wef_main_6method_5seed_synthetic_matrix_20260619\T9_tilted_inspection_seed1__B0_pid_pose
T9_tilted_inspection,T9_tilted_inspection_seed1,1,B1_tracking_mpc,synthetic_trace_smoke,False,DYN_FEASIBILITY_VIOLATION,False,none,slow_down_split_waypoint_or_extend_horizon,220,6.539113,0.621611,0.320369,1.256333,0.256333,0.660575,154.58,0,0,0.0,benchmark_swarm_rl\outputs\wef_main_6method_5seed_synthetic_matrix_20260619\T9_tilted_inspection_seed1__B1_tracking_mpc
T9_tilted_inspection,T9_tilted_inspection_seed1,1,B3_mpc_cbf,synthetic_trace_smoke,False,DYN_FEASIBILITY_VIOLATION,False,none,slow_down_split_waypoint_or_extend_horizon,220,6.539113,0.621611,0.211093,5.258758,4.258758,0.679249,154.58,0,210,1.8049685473586992,benchmark_swarm_rl\outputs\wef_main_6method_5seed_synthetic_matrix_20260619\T9_tilted_inspection_seed1__B3_mpc_cbf
T9_tilted_inspection,T9_tilted_inspection_seed1,1,Ours_SEFF_pose,synthetic_trace_smoke,False,DYN_FEASIBILITY_VIOLATION,False,none,slow_down_split_waypoint_or_extend_horizon,220,6.539113,0.621611,0.211093,5.258758,4.258758,0.678899,154.58,0,210,1.8049685473586992,benchmark_swarm_rl\outputs\wef_main_6method_5seed_synthetic_matrix_20260619\T9_tilted_inspection_seed1__Ours_SEFF_pose
T9_tilted_inspection,T9_tilted_inspection_seed1,1,Ours_SEFF_local_continue,synthetic_trace_smoke,False,DYN_FEASIBILITY_VIOLATION,False,none,slow_down_split_waypoint_or_extend_horizon,220,6.539113,0.621611,0.211093,5.258758,4.258758,0.678899,154.58,0,210,1.8049685473586992,benchmark_swarm_rl\outputs\wef_main_6method_5seed_synthetic_matrix_20260619\T9_tilted_inspection_seed1__Ours_SEFF_local_continue
T9_tilted_inspection,T9_tilted_inspection_seed1,1,Ours_TE_SEFF_rule,synthetic_trace_smoke,True,NONE,False,none,none,47,6.539113,0.618515,0.211093,1.789013,0.789013,0.749665,155.516,0,46,0.0,benchmark_swarm_rl\outputs\wef_main_6method_5seed_synthetic_matrix_20260619\T9_tilted_inspection_seed1__Ours_TE_SEFF_rule
T9_tilted_inspection,T9_tilted_inspection_seed2,2,B0_pid_pose,synthetic_trace_smoke,False,DYN_FEASIBILITY_VIOLATION,False,none,slow_down_split_waypoint_or_extend_horizon,220,5.900847,0.532917,0.341183,1.373358,0.373358,0.660553,132.141932,0,0,0.0,benchmark_swarm_rl\outputs\wef_main_6method_5seed_synthetic_matrix_20260619\T9_tilted_inspection_seed2__B0_pid_pose
T9_tilted_inspection,T9_tilted_inspection_seed2,2,B1_tracking_mpc,synthetic_trace_smoke,False,DYN_FEASIBILITY_VIOLATION,False,none,slow_down_split_waypoint_or_extend_horizon,220,5.900847,0.532917,0.342349,1.362433,0.362433,0.663447,154.02,0,0,0.0,benchmark_swarm_rl\outputs\wef_main_6method_5seed_synthetic_matrix_20260619\T9_tilted_inspection_seed2__B1_tracking_mpc
T9_tilted_inspection,T9_tilted_inspection_seed2,2,B3_mpc_cbf,synthetic_trace_smoke,False,DYN_FEASIBILITY_VIOLATION,False,none,slow_down_split_waypoint_or_extend_horizon,220,5.900847,0.532917,0.281772,4.738154,3.738154,0.678533,154.02,0,208,1.4499355571983037,benchmark_swarm_rl\outputs\wef_main_6method_5seed_synthetic_matrix_20260619\T9_tilted_inspection_seed2__B3_mpc_cbf
T9_tilted_inspection,T9_tilted_inspection_seed2,2,Ours_SEFF_pose,synthetic_trace_smoke,False,DYN_FEASIBILITY_VIOLATION,False,none,slow_down_split_waypoint_or_extend_horizon,220,5.900847,0.532917,0.281772,4.738154,3.738154,0.678159,154.02,0,208,1.4499355571983037,benchmark_swarm_rl\outputs\wef_main_6method_5seed_synthetic_matrix_20260619\T9_tilted_inspection_seed2__Ours_SEFF_pose
T9_tilted_inspection,T9_tilted_inspection_seed2,2,Ours_SEFF_local_continue,synthetic_trace_smoke,False,DYN_FEASIBILITY_VIOLATION,False,none,slow_down_split_waypoint_or_extend_horizon,220,5.900847,0.532917,0.281772,4.738154,3.738154,0.678159,154.02,0,208,1.4499355571983037,benchmark_swarm_rl\outputs\wef_main_6method_5seed_synthetic_matrix_20260619\T9_tilted_inspection_seed2__Ours_SEFF_local_continue
T9_tilted_inspection,T9_tilted_inspection_seed2,2,Ours_TE_SEFF_rule,synthetic_trace_smoke,True,NONE,False,none,none,45,5.900847,0.594471,0.281772,1.931039,0.931039,0.753522,154.704,0,44,0.0,benchmark_swarm_rl\outputs\wef_main_6method_5seed_synthetic_matrix_20260619\T9_tilted_inspection_seed2__Ours_TE_SEFF_rule
T9_tilted_inspection,T9_tilted_inspection_seed3,3,B0_pid_pose,synthetic_trace_smoke,False,DYN_FEASIBILITY_VIOLATION,False,none,slow_down_split_waypoint_or_extend_horizon,220,6.9,0.711618,0.300415,1.233712,0.233712,0.655567,139.576,0,0,0.0,benchmark_swarm_rl\outputs\wef_main_6method_5seed_synthetic_matrix_20260619\T9_tilted_inspection_seed3__B0_pid_pose
T9_tilted_inspection,T9_tilted_inspection_seed3,3,B1_tracking_mpc,synthetic_trace_smoke,False,DYN_FEASIBILITY_VIOLATION,False,none,slow_down_split_waypoint_or_extend_horizon,220,6.9,0.711618,0.303253,1.222847,0.222847,0.658951,154.82,0,0,0.0,benchmark_swarm_rl\outputs\wef_main_6method_5seed_synthetic_matrix_20260619\T9_tilted_inspection_seed3__B1_tracking_mpc
T9_tilted_inspection,T9_tilted_inspection_seed3,3,B3_mpc_cbf,synthetic_trace_smoke,False,DYN_FEASIBILITY_VIOLATION,False,none,slow_down_split_waypoint_or_extend_horizon,220,6.9,0.711618,0.181876,5.457682,4.457682,0.678922,154.82,0,210,1.9293735335968496,benchmark_swarm_rl\outputs\wef_main_6method_5seed_synthetic_matrix_20260619\T9_tilted_inspection_seed3__B3_mpc_cbf
T9_tilted_inspection,T9_tilted_inspection_seed3,3,Ours_SEFF_pose,synthetic_trace_smoke,False,DYN_FEASIBILITY_VIOLATION,False,none,slow_down_split_waypoint_or_extend_horizon,220,6.9,0.711618,0.181876,5.457682,4.457682,0.67856,154.82,0,210,1.9293735335968496,benchmark_swarm_rl\outputs\wef_main_6method_5seed_synthetic_matrix_20260619\T9_tilted_inspection_seed3__Ours_SEFF_pose
T9_tilted_inspection,T9_tilted_inspection_seed3,3,Ours_SEFF_local_continue,synthetic_trace_smoke,False,DYN_FEASIBILITY_VIOLATION,False,none,slow_down_split_waypoint_or_extend_horizon,220,6.9,0.711618,0.181876,5.457682,4.457682,0.67856,154.82,0,210,1.9293735335968496,benchmark_swarm_rl\outputs\wef_main_6method_5seed_synthetic_matrix_20260619\T9_tilted_inspection_seed3__Ours_SEFF_local_continue
T9_tilted_inspection,T9_tilted_inspection_seed3,3,Ours_TE_SEFF_rule,synthetic_trace_smoke,True,NONE,False,none,none,49,6.9,0.686934,0.181876,1.723102,0.723102,0.746925,155.864,0,48,0.0,benchmark_swarm_rl\outputs\wef_main_6method_5seed_synthetic_matrix_20260619\T9_tilted_inspection_seed3__Ours_TE_SEFF_rule
T9_tilted_inspection,T9_tilted_inspection_seed4,4,B0_pid_pose,synthetic_trace_smoke,False,DYN_FEASIBILITY_VIOLATION,False,none,slow_down_split_waypoint_or_extend_horizon,220,6.09426,0.607289,0.394262,1.614746,0.614746,0.659588,133.583817,0,0,0.0,benchmark_swarm_rl\outputs\wef_main_6method_5seed_synthetic_matrix_20260619\T9_tilted_inspection_seed4__B0_pid_pose
T9_tilted_inspection,T9_tilted_inspection_seed4,4,B1_tracking_mpc,synthetic_trace_smoke,False,DYN_FEASIBILITY_VIOLATION,False,none,slow_down_split_waypoint_or_extend_horizon,220,6.09426,0.607289,0.39633,1.60407,0.60407,0.662577,154.18,0,0,0.0,benchmark_swarm_rl\outputs\wef_main_6method_5seed_synthetic_matrix_20260619\T9_tilted_inspection_seed4__B1_tracking_mpc
T9_tilted_inspection,T9_tilted_inspection_seed4,4,B3_mpc_cbf,synthetic_trace_smoke,False,DYN_FEASIBILITY_VIOLATION,False,none,slow_down_split_waypoint_or_extend_horizon,220,6.09426,0.607289,0.259814,3.740477,2.740477,0.672216,154.18,0,198,0.9024158825373239,benchmark_swarm_rl\outputs\wef_main_6method_5seed_synthetic_matrix_20260619\T9_tilted_inspection_seed4__B3_mpc_cbf
T9_tilted_inspection,T9_tilted_inspection_seed4,4,Ours_SEFF_pose,synthetic_trace_smoke,False,DYN_FEASIBILITY_VIOLATION,False,none,slow_down_split_waypoint_or_extend_horizon,220,6.09426,0.607289,0.259814,3.740477,2.740477,0.671636,154.18,0,198,0.9024158825373239,benchmark_swarm_rl\outputs\wef_main_6method_5seed_synthetic_matrix_20260619\T9_tilted_inspection_seed4__Ours_SEFF_pose
T9_tilted_inspection,T9_tilted_inspection_seed4,4,Ours_SEFF_local_continue,synthetic_trace_smoke,False,DYN_FEASIBILITY_VIOLATION,False,none,slow_down_split_waypoint_or_extend_horizon,220,6.09426,0.607289,0.259814,3.740477,2.740477,0.671636,154.18,0,198,0.9024158825373239,benchmark_swarm_rl\outputs\wef_main_6method_5seed_synthetic_matrix_20260619\T9_tilted_inspection_seed4__Ours_SEFF_local_continue
T9_tilted_inspection,T9_tilted_inspection_seed4,4,Ours_TE_SEFF_rule,synthetic_trace_smoke,True,NONE,False,none,none,46,6.09426,0.635534,0.259814,2.140654,1.140654,0.7521,154.936,0,45,0.0,benchmark_swarm_rl\outputs\wef_main_6method_5seed_synthetic_matrix_20260619\T9_tilted_inspection_seed4__Ours_TE_SEFF_rule
T10_large_attitude_recovery,T10_large_attitude_recovery_seed0,0,B0_pid_pose,synthetic_trace_smoke,True,NONE,False,none,none,63,4.0,0.710634,0.0,,,0.752438,119.21,0,0,0.0,benchmark_swarm_rl\outputs\wef_main_6method_5seed_synthetic_matrix_20260619\T10_large_attitude_recovery_seed0__B0_pid_pose
T10_large_attitude_recovery,T10_large_attitude_recovery_seed0,0,B1_tracking_mpc,synthetic_trace_smoke,True,NONE,False,none,none,39,4.0,0.710634,0.0,,,0.766129,137.2,0,0,0.0,benchmark_swarm_rl\outputs\wef_main_6method_5seed_synthetic_matrix_20260619\T10_large_attitude_recovery_seed0__B1_tracking_mpc
T10_large_attitude_recovery,T10_large_attitude_recovery_seed0,0,B3_mpc_cbf,synthetic_trace_smoke,True,NONE,False,none,none,39,4.0,0.710634,0.0,,,0.765798,137.2,0,0,0.0,benchmark_swarm_rl\outputs\wef_main_6method_5seed_synthetic_matrix_20260619\T10_large_attitude_recovery_seed0__B3_mpc_cbf
T10_large_attitude_recovery,T10_large_attitude_recovery_seed0,0,Ours_SEFF_pose,synthetic_trace_smoke,True,NONE,False,none,none,39,4.0,0.710634,0.0,,,0.765303,137.2,0,0,0.0,benchmark_swarm_rl\outputs\wef_main_6method_5seed_synthetic_matrix_20260619\T10_large_attitude_recovery_seed0__Ours_SEFF_pose
T10_large_attitude_recovery,T10_large_attitude_recovery_seed0,0,Ours_SEFF_local_continue,synthetic_trace_smoke,True,NONE,False,none,none,39,4.0,0.710634,0.0,,,0.765303,137.2,0,0,0.0,benchmark_swarm_rl\outputs\wef_main_6method_5seed_synthetic_matrix_20260619\T10_large_attitude_recovery_seed0__Ours_SEFF_local_continue
T10_large_attitude_recovery,T10_large_attitude_recovery_seed0,0,Ours_TE_SEFF_rule,synthetic_trace_smoke,True,NONE,False,none,none,34,4.0,0.710634,0.0,,,0.768259,145.19,0,0,0.0,benchmark_swarm_rl\outputs\wef_main_6method_5seed_synthetic_matrix_20260619\T10_large_attitude_recovery_seed0__Ours_TE_SEFF_rule
T10_large_attitude_recovery,T10_large_attitude_recovery_seed1,1,B0_pid_pose,synthetic_trace_smoke,True,NONE,False,none,none,66,4.4,0.731915,0.0,,,0.748973,122.142,0,0,0.0,benchmark_swarm_rl\outputs\wef_main_6method_5seed_synthetic_matrix_20260619\T10_large_attitude_recovery_seed1__B0_pid_pose
T10_large_attitude_recovery,T10_large_attitude_recovery_seed1,1,B1_tracking_mpc,synthetic_trace_smoke,True,NONE,False,none,none,41,4.4,0.731915,0.0,,,0.763339,141.94,0,0,0.0,benchmark_swarm_rl\outputs\wef_main_6method_5seed_synthetic_matrix_20260619\T10_large_attitude_recovery_seed1__B1_tracking_mpc
T10_large_attitude_recovery,T10_large_attitude_recovery_seed1,1,B3_mpc_cbf,synthetic_trace_smoke,True,NONE,False,none,none,41,4.4,0.731915,0.0,,,0.762969,141.94,0,0,0.0,benchmark_swarm_rl\outputs\wef_main_6method_5seed_synthetic_matrix_20260619\T10_large_attitude_recovery_seed1__B3_mpc_cbf
T10_large_attitude_recovery,T10_large_attitude_recovery_seed1,1,Ours_SEFF_pose,synthetic_trace_smoke,True,NONE,False,none,none,41,4.4,0.731915,0.0,,,0.762413,141.94,0,0,0.0,benchmark_swarm_rl\outputs\wef_main_6method_5seed_synthetic_matrix_20260619\T10_large_attitude_recovery_seed1__Ours_SEFF_pose
T10_large_attitude_recovery,T10_large_attitude_recovery_seed1,1,Ours_SEFF_local_continue,synthetic_trace_smoke,True,NONE,False,none,none,41,4.4,0.731915,0.0,,,0.762413,141.94,0,0,0.0,benchmark_swarm_rl\outputs\wef_main_6method_5seed_synthetic_matrix_20260619\T10_large_attitude_recovery_seed1__Ours_SEFF_local_continue
T10_large_attitude_recovery,T10_large_attitude_recovery_seed1,1,Ours_TE_SEFF_rule,synthetic_trace_smoke,True,NONE,False,none,none,36,4.4,0.731915,0.0,,,0.765382,150.738,0,0,0.0,benchmark_swarm_rl\outputs\wef_main_6method_5seed_synthetic_matrix_20260619\T10_large_attitude_recovery_seed1__Ours_TE_SEFF_rule
T10_large_attitude_recovery,T10_large_attitude_recovery_seed2,2,B0_pid_pose,synthetic_trace_smoke,True,NONE,False,none,none,60,3.7,0.723118,0.0,,,0.755463,117.044,0,0,0.0,benchmark_swarm_rl\outputs\wef_main_6method_5seed_synthetic_matrix_20260619\T10_large_attitude_recovery_seed2__B0_pid_pose
T10_large_attitude_recovery,T10_large_attitude_recovery_seed2,2,B1_tracking_mpc,synthetic_trace_smoke,True,NONE,False,none,none,38,3.7,0.723118,0.0,,,0.767881,133.705,0,0,0.0,benchmark_swarm_rl\outputs\wef_main_6method_5seed_synthetic_matrix_20260619\T10_large_attitude_recovery_seed2__B1_tracking_mpc
T10_large_attitude_recovery,T10_large_attitude_recovery_seed2,2,B3_mpc_cbf,synthetic_trace_smoke,True,NONE,False,none,none,38,3.7,0.723118,0.0,,,0.767578,133.705,0,0,0.0,benchmark_swarm_rl\outputs\wef_main_6method_5seed_synthetic_matrix_20260619\T10_large_attitude_recovery_seed2__B3_mpc_cbf
T10_large_attitude_recovery,T10_large_attitude_recovery_seed2,2,Ours_SEFF_pose,synthetic_trace_smoke,True,NONE,False,none,none,38,3.7,0.723118,0.0,,,0.767124,133.705,0,0,0.0,benchmark_swarm_rl\outputs\wef_main_6method_5seed_synthetic_matrix_20260619\T10_large_attitude_recovery_seed2__Ours_SEFF_pose
T10_large_attitude_recovery,T10_large_attitude_recovery_seed2,2,Ours_SEFF_local_continue,synthetic_trace_smoke,True,NONE,False,none,none,38,3.7,0.723118,0.0,,,0.767124,133.705,0,0,0.0,benchmark_swarm_rl\outputs\wef_main_6method_5seed_synthetic_matrix_20260619\T10_large_attitude_recovery_seed2__Ours_SEFF_local_continue
T10_large_attitude_recovery,T10_large_attitude_recovery_seed2,2,Ours_TE_SEFF_rule,synthetic_trace_smoke,True,NONE,False,none,none,33,3.7,0.723118,0.0,,,0.770062,141.116,0,0,0.0,benchmark_swarm_rl\outputs\wef_main_6method_5seed_synthetic_matrix_20260619\T10_large_attitude_recovery_seed2__Ours_TE_SEFF_rule
T10_large_attitude_recovery,T10_large_attitude_recovery_seed3,3,B0_pid_pose,synthetic_trace_smoke,True,NONE,False,none,none,69,4.8,0.790443,0.0,,,0.74548,125.008,0,0,0.0,benchmark_swarm_rl\outputs\wef_main_6method_5seed_synthetic_matrix_20260619\T10_large_attitude_recovery_seed3__B0_pid_pose
T10_large_attitude_recovery,T10_large_attitude_recovery_seed3,3,B1_tracking_mpc,synthetic_trace_smoke,True,NONE,False,none,none,43,4.8,0.790443,0.0,,,0.760523,146.56,0,0,0.0,benchmark_swarm_rl\outputs\wef_main_6method_5seed_synthetic_matrix_20260619\T10_large_attitude_recovery_seed3__B1_tracking_mpc
T10_large_attitude_recovery,T10_large_attitude_recovery_seed3,3,B3_mpc_cbf,synthetic_trace_smoke,True,NONE,False,none,none,43,4.8,0.790443,0.0,,,0.760113,146.56,0,0,0.0,benchmark_swarm_rl\outputs\wef_main_6method_5seed_synthetic_matrix_20260619\T10_large_attitude_recovery_seed3__B3_mpc_cbf
T10_large_attitude_recovery,T10_large_attitude_recovery_seed3,3,Ours_SEFF_pose,synthetic_trace_smoke,True,NONE,False,none,none,43,4.8,0.790443,0.0,,,0.759497,146.56,0,0,0.0,benchmark_swarm_rl\outputs\wef_main_6method_5seed_synthetic_matrix_20260619\T10_large_attitude_recovery_seed3__Ours_SEFF_pose
T10_large_attitude_recovery,T10_large_attitude_recovery_seed3,3,Ours_SEFF_local_continue,synthetic_trace_smoke,True,NONE,False,none,none,43,4.8,0.790443,0.0,,,0.759497,146.56,0,0,0.0,benchmark_swarm_rl\outputs\wef_main_6method_5seed_synthetic_matrix_20260619\T10_large_attitude_recovery_seed3__Ours_SEFF_local_continue
T10_large_attitude_recovery,T10_large_attitude_recovery_seed3,3,Ours_TE_SEFF_rule,synthetic_trace_smoke,True,NONE,False,none,none,38,4.8,0.790443,0.0,,,0.762481,156.112,0,0,0.0,benchmark_swarm_rl\outputs\wef_main_6method_5seed_synthetic_matrix_20260619\T10_large_attitude_recovery_seed3__Ours_TE_SEFF_rule
T10_large_attitude_recovery,T10_large_attitude_recovery_seed4,4,B0_pid_pose,synthetic_trace_smoke,True,NONE,False,none,none,65,4.2,0.766877,0.0,,,0.750411,120.588,0,0,0.0,benchmark_swarm_rl\outputs\wef_main_6method_5seed_synthetic_matrix_20260619\T10_large_attitude_recovery_seed4__B0_pid_pose
T10_large_attitude_recovery,T10_large_attitude_recovery_seed4,4,B1_tracking_mpc,synthetic_trace_smoke,True,NONE,False,none,none,40,4.2,0.766877,0.0,,,0.764738,139.41,0,0,0.0,benchmark_swarm_rl\outputs\wef_main_6method_5seed_synthetic_matrix_20260619\T10_large_attitude_recovery_seed4__B1_tracking_mpc
T10_large_attitude_recovery,T10_large_attitude_recovery_seed4,4,B3_mpc_cbf,synthetic_trace_smoke,True,NONE,False,none,none,40,4.2,0.766877,0.0,,,0.764387,139.41,0,0,0.0,benchmark_swarm_rl\outputs\wef_main_6method_5seed_synthetic_matrix_20260619\T10_large_attitude_recovery_seed4__B3_mpc_cbf
T10_large_attitude_recovery,T10_large_attitude_recovery_seed4,4,Ours_SEFF_pose,synthetic_trace_smoke,True,NONE,False,none,none,40,4.2,0.766877,0.0,,,0.763862,139.41,0,0,0.0,benchmark_swarm_rl\outputs\wef_main_6method_5seed_synthetic_matrix_20260619\T10_large_attitude_recovery_seed4__Ours_SEFF_pose
T10_large_attitude_recovery,T10_large_attitude_recovery_seed4,4,Ours_SEFF_local_continue,synthetic_trace_smoke,True,NONE,False,none,none,40,4.2,0.766877,0.0,,,0.763862,139.41,0,0,0.0,benchmark_swarm_rl\outputs\wef_main_6method_5seed_synthetic_matrix_20260619\T10_large_attitude_recovery_seed4__Ours_SEFF_local_continue
T10_large_attitude_recovery,T10_large_attitude_recovery_seed4,4,Ours_TE_SEFF_rule,synthetic_trace_smoke,True,NONE,False,none,none,35,4.2,0.766877,0.0,,,0.766824,147.732,0,0,0.0,benchmark_swarm_rl\outputs\wef_main_6method_5seed_synthetic_matrix_20260619\T10_large_attitude_recovery_seed4__Ours_TE_SEFF_rule
T12_dynamic_obstacle_stale_command,T12_dynamic_obstacle_stale_command_seed0,0,B0_pid_pose,synthetic_trace_smoke,False,STALE_COMMAND,False,none,reissue_waypoint_or_hold,6,12.0,0.0,0.0,4.473756,3.473756,0.79,165.0,6,0,0.0,benchmark_swarm_rl\outputs\wef_main_6method_5seed_synthetic_matrix_20260619\T12_dynamic_obstacle_stale_command_seed0__B0_pid_pose
T12_dynamic_obstacle_stale_command,T12_dynamic_obstacle_stale_command_seed0,0,B1_tracking_mpc,synthetic_trace_smoke,False,STALE_COMMAND,False,none,reissue_waypoint_or_hold,6,12.0,0.0,0.0,4.473756,3.473756,0.79075,165.0,6,0,0.0,benchmark_swarm_rl\outputs\wef_main_6method_5seed_synthetic_matrix_20260619\T12_dynamic_obstacle_stale_command_seed0__B1_tracking_mpc
T12_dynamic_obstacle_stale_command,T12_dynamic_obstacle_stale_command_seed0,0,B3_mpc_cbf,synthetic_trace_smoke,False,STALE_COMMAND,False,none,reissue_waypoint_or_hold,6,12.0,0.0,0.0,5.800189,4.800189,0.7975,165.0,6,5,2.5,benchmark_swarm_rl\outputs\wef_main_6method_5seed_synthetic_matrix_20260619\T12_dynamic_obstacle_stale_command_seed0__B3_mpc_cbf
T12_dynamic_obstacle_stale_command,T12_dynamic_obstacle_stale_command_seed0,0,Ours_SEFF_pose,synthetic_trace_smoke,False,STALE_COMMAND,True,hover,reissue_waypoint_or_hold,6,12.0,0.0,0.0,5.800189,4.800189,0.7975,90.0,6,6,3.0,benchmark_swarm_rl\outputs\wef_main_6method_5seed_synthetic_matrix_20260619\T12_dynamic_obstacle_stale_command_seed0__Ours_SEFF_pose
T12_dynamic_obstacle_stale_command,T12_dynamic_obstacle_stale_command_seed0,0,Ours_SEFF_local_continue,synthetic_trace_smoke,True,NONE,False,none,none,167,12.0,0.0,0.0,1.991255,0.991255,0.663313,162.65625,10,166,1.764347017964072,benchmark_swarm_rl\outputs\wef_main_6method_5seed_synthetic_matrix_20260619\T12_dynamic_obstacle_stale_command_seed0__Ours_SEFF_local_continue
T12_dynamic_obstacle_stale_command,T12_dynamic_obstacle_stale_command_seed0,0,Ours_TE_SEFF_rule,synthetic_trace_smoke,True,NONE,False,none,none,161,12.0,0.0,0.0,1.991255,0.991255,0.667898,162.65625,10,160,1.8301473478260875,benchmark_swarm_rl\outputs\wef_main_6method_5seed_synthetic_matrix_20260619\T12_dynamic_obstacle_stale_command_seed0__Ours_TE_SEFF_rule
T12_dynamic_obstacle_stale_command,T12_dynamic_obstacle_stale_command_seed1,1,B0_pid_pose,synthetic_trace_smoke,False,STALE_COMMAND,False,none,reissue_waypoint_or_hold,6,12.0,0.0,0.0,3.966338,2.966338,0.79,165.0,6,0,0.0,benchmark_swarm_rl\outputs\wef_main_6method_5seed_synthetic_matrix_20260619\T12_dynamic_obstacle_stale_command_seed1__B0_pid_pose
T12_dynamic_obstacle_stale_command,T12_dynamic_obstacle_stale_command_seed1,1,B1_tracking_mpc,synthetic_trace_smoke,False,STALE_COMMAND,False,none,reissue_waypoint_or_hold,6,12.0,0.0,0.0,3.966338,2.966338,0.79075,165.0,6,0,0.0,benchmark_swarm_rl\outputs\wef_main_6method_5seed_synthetic_matrix_20260619\T12_dynamic_obstacle_stale_command_seed1__B1_tracking_mpc
T12_dynamic_obstacle_stale_command,T12_dynamic_obstacle_stale_command_seed1,1,B3_mpc_cbf,synthetic_trace_smoke,False,STALE_COMMAND,False,none,reissue_waypoint_or_hold,6,12.0,0.0,0.0,5.325452,4.325452,0.7975,165.0,6,5,2.5,benchmark_swarm_rl\outputs\wef_main_6method_5seed_synthetic_matrix_20260619\T12_dynamic_obstacle_stale_command_seed1__B3_mpc_cbf
T12_dynamic_obstacle_stale_command,T12_dynamic_obstacle_stale_command_seed1,1,Ours_SEFF_pose,synthetic_trace_smoke,False,STALE_COMMAND,True,hover,reissue_waypoint_or_hold,6,12.0,0.0,0.0,5.325452,4.325452,0.7975,90.0,6,6,3.0,benchmark_swarm_rl\outputs\wef_main_6method_5seed_synthetic_matrix_20260619\T12_dynamic_obstacle_stale_command_seed1__Ours_SEFF_pose
T12_dynamic_obstacle_stale_command,T12_dynamic_obstacle_stale_command_seed1,1,Ours_SEFF_local_continue,synthetic_trace_smoke,True,NONE,False,none,none,171,12.0,0.0,0.0,1.971104,0.971104,0.661301,161.71875,12,170,1.7846328654970782,benchmark_swarm_rl\outputs\wef_main_6method_5seed_synthetic_matrix_20260619\T12_dynamic_obstacle_stale_command_seed1__Ours_SEFF_local_continue
T12_dynamic_obstacle_stale_command,T12_dynamic_obstacle_stale_command_seed1,1,Ours_TE_SEFF_rule,synthetic_trace_smoke,True,NONE,False,none,none,165,12.0,0.0,0.0,1.968542,0.968542,0.665872,161.71875,12,164,1.8496038666666694,benchmark_swarm_rl\outputs\wef_main_6method_5seed_synthetic_matrix_20260619\T12_dynamic_obstacle_stale_command_seed1__Ours_TE_SEFF_rule
T12_dynamic_obstacle_stale_command,T12_dynamic_obstacle_stale_command_seed2,2,B0_pid_pose,synthetic_trace_smoke,False,STALE_COMMAND,False,none,reissue_waypoint_or_hold,6,12.0,0.0,0.0,5.071485,4.071485,0.79,165.0,6,0,0.0,benchmark_swarm_rl\outputs\wef_main_6method_5seed_synthetic_matrix_20260619\T12_dynamic_obstacle_stale_command_seed2__B0_pid_pose
T12_dynamic_obstacle_stale_command,T12_dynamic_obstacle_stale_command_seed2,2,B1_tracking_mpc,synthetic_trace_smoke,False,STALE_COMMAND,False,none,reissue_waypoint_or_hold,6,12.0,0.0,0.0,5.071485,4.071485,0.79075,165.0,6,0,0.0,benchmark_swarm_rl\outputs\wef_main_6method_5seed_synthetic_matrix_20260619\T12_dynamic_obstacle_stale_command_seed2__B1_tracking_mpc
T12_dynamic_obstacle_stale_command,T12_dynamic_obstacle_stale_command_seed2,2,B3_mpc_cbf,synthetic_trace_smoke,False,STALE_COMMAND,False,none,reissue_waypoint_or_hold,6,12.0,0.0,0.0,6.360346,5.360346,0.7975,165.0,6,5,2.5,benchmark_swarm_rl\outputs\wef_main_6method_5seed_synthetic_matrix_20260619\T12_dynamic_obstacle_stale_command_seed2__B3_mpc_cbf
T12_dynamic_obstacle_stale_command,T12_dynamic_obstacle_stale_command_seed2,2,Ours_SEFF_pose,synthetic_trace_smoke,False,STALE_COMMAND,True,hover,reissue_waypoint_or_hold,6,12.0,0.0,0.0,6.360346,5.360346,0.7975,90.0,6,6,3.0,benchmark_swarm_rl\outputs\wef_main_6method_5seed_synthetic_matrix_20260619\T12_dynamic_obstacle_stale_command_seed2__Ours_SEFF_pose
T12_dynamic_obstacle_stale_command,T12_dynamic_obstacle_stale_command_seed2,2,Ours_SEFF_local_continue,synthetic_trace_smoke,True,NONE,False,none,none,163,12.0,0.0,0.0,1.949663,0.949663,0.665182,163.59375,8,162,1.7249385889570528,benchmark_swarm_rl\outputs\wef_main_6method_5seed_synthetic_matrix_20260619\T12_dynamic_obstacle_stale_command_seed2__Ours_SEFF_local_continue
T12_dynamic_obstacle_stale_command,T12_dynamic_obstacle_stale_command_seed2,2,Ours_TE_SEFF_rule,synthetic_trace_smoke,True,NONE,False,none,none,156,12.0,0.0,0.0,1.949663,0.949663,0.670427,163.59375,8,155,1.80232742307692,benchmark_swarm_rl\outputs\wef_main_6method_5seed_synthetic_matrix_20260619\T12_dynamic_obstacle_stale_command_seed2__Ours_TE_SEFF_rule
T12_dynamic_obstacle_stale_command,T12_dynamic_obstacle_stale_command_seed3,3,B0_pid_pose,synthetic_trace_smoke,False,STALE_COMMAND,False,none,reissue_waypoint_or_hold,6,12.0,0.0,0.0,3.685961,2.685961,0.79,165.0,6,0,0.0,benchmark_swarm_rl\outputs\wef_main_6method_5seed_synthetic_matrix_20260619\T12_dynamic_obstacle_stale_command_seed3__B0_pid_pose
T12_dynamic_obstacle_stale_command,T12_dynamic_obstacle_stale_command_seed3,3,B1_tracking_mpc,synthetic_trace_smoke,False,STALE_COMMAND,False,none,reissue_waypoint_or_hold,6,12.0,0.0,0.0,3.685961,2.685961,0.79075,165.0,6,0,0.0,benchmark_swarm_rl\outputs\wef_main_6method_5seed_synthetic_matrix_20260619\T12_dynamic_obstacle_stale_command_seed3__B1_tracking_mpc
T12_dynamic_obstacle_stale_command,T12_dynamic_obstacle_stale_command_seed3,3,B3_mpc_cbf,synthetic_trace_smoke,False,STALE_COMMAND,False,none,reissue_waypoint_or_hold,6,12.0,0.0,0.0,5.070104,4.070104,0.7975,165.0,6,5,2.5,benchmark_swarm_rl\outputs\wef_main_6method_5seed_synthetic_matrix_20260619\T12_dynamic_obstacle_stale_command_seed3__B3_mpc_cbf
T12_dynamic_obstacle_stale_command,T12_dynamic_obstacle_stale_command_seed3,3,Ours_SEFF_pose,synthetic_trace_smoke,False,STALE_COMMAND,True,hover,reissue_waypoint_or_hold,6,12.0,0.0,0.0,5.070104,4.070104,0.7975,90.0,6,6,3.0,benchmark_swarm_rl\outputs\wef_main_6method_5seed_synthetic_matrix_20260619\T12_dynamic_obstacle_stale_command_seed3__Ours_SEFF_pose
T12_dynamic_obstacle_stale_command,T12_dynamic_obstacle_stale_command_seed3,3,Ours_SEFF_local_continue,synthetic_trace_smoke,True,NONE,False,none,none,151,12.0,0.0,0.0,1.986289,0.986289,0.671225,161.25,13,150,1.608996145695365,benchmark_swarm_rl\outputs\wef_main_6method_5seed_synthetic_matrix_20260619\T12_dynamic_obstacle_stale_command_seed3__Ours_SEFF_local_continue
T12_dynamic_obstacle_stale_command,T12_dynamic_obstacle_stale_command_seed3,3,Ours_TE_SEFF_rule,synthetic_trace_smoke,True,NONE,False,none,none,144,12.0,0.0,0.0,1.986289,0.986289,0.676439,161.25,13,143,1.6871986805555563,benchmark_swarm_rl\outputs\wef_main_6method_5seed_synthetic_matrix_20260619\T12_dynamic_obstacle_stale_command_seed3__Ours_TE_SEFF_rule
T12_dynamic_obstacle_stale_command,T12_dynamic_obstacle_stale_command_seed4,4,B0_pid_pose,synthetic_trace_smoke,False,STALE_COMMAND,False,none,reissue_waypoint_or_hold,6,12.0,0.0,0.0,5.135736,4.135736,0.79,165.0,6,0,0.0,benchmark_swarm_rl\outputs\wef_main_6method_5seed_synthetic_matrix_20260619\T12_dynamic_obstacle_stale_command_seed4__B0_pid_pose
T12_dynamic_obstacle_stale_command,T12_dynamic_obstacle_stale_command_seed4,4,B1_tracking_mpc,synthetic_trace_smoke,False,STALE_COMMAND,False,none,reissue_waypoint_or_hold,6,12.0,0.0,0.0,5.135736,4.135736,0.79075,165.0,6,0,0.0,benchmark_swarm_rl\outputs\wef_main_6method_5seed_synthetic_matrix_20260619\T12_dynamic_obstacle_stale_command_seed4__B1_tracking_mpc
T12_dynamic_obstacle_stale_command,T12_dynamic_obstacle_stale_command_seed4,4,B3_mpc_cbf,synthetic_trace_smoke,False,STALE_COMMAND,False,none,reissue_waypoint_or_hold,6,12.0,0.0,0.0,6.180872,5.180872,0.79612,165.0,6,4,2.0,benchmark_swarm_rl\outputs\wef_main_6method_5seed_synthetic_matrix_20260619\T12_dynamic_obstacle_stale_command_seed4__B3_mpc_cbf
T12_dynamic_obstacle_stale_command,T12_dynamic_obstacle_stale_command_seed4,4,Ours_SEFF_pose,synthetic_trace_smoke,False,STALE_COMMAND,True,hover,reissue_waypoint_or_hold,6,12.0,0.0,0.0,6.180872,5.180872,0.796075,165.0,6,5,2.5,benchmark_swarm_rl\outputs\wef_main_6method_5seed_synthetic_matrix_20260619\T12_dynamic_obstacle_stale_command_seed4__Ours_SEFF_pose
T12_dynamic_obstacle_stale_command,T12_dynamic_obstacle_stale_command_seed4,4,Ours_SEFF_local_continue,synthetic_trace_smoke,True,NONE,False,none,none,195,12.0,0.0,0.0,1.962533,0.962533,0.649243,165.0,9,193,1.937563697435895,benchmark_swarm_rl\outputs\wef_main_6method_5seed_synthetic_matrix_20260619\T12_dynamic_obstacle_stale_command_seed4__Ours_SEFF_local_continue
T12_dynamic_obstacle_stale_command,T12_dynamic_obstacle_stale_command_seed4,4,Ours_TE_SEFF_rule,synthetic_trace_smoke,True,NONE,False,none,none,188,12.0,0.0,0.0,1.96119,0.96119,0.65449,165.0,9,187,2.009692531914893,benchmark_swarm_rl\outputs\wef_main_6method_5seed_synthetic_matrix_20260619\T12_dynamic_obstacle_stale_command_seed4__Ours_TE_SEFF_rule
